Job ID,Job URL,Job Title,Company Name,Status,Timestamp,WP ID
00e91912d282f356,https://cz.linkedin.com/jobs/view/no-position-for-you%3F-reach-out-anyway%21-at-knihobot-bookbot-4437439994,No position for you? Reach out anyway!,,scraped,2026-07-07T00:10:19.212003,
1f3016e42991cbe0,https://cz.linkedin.com/jobs/view/geodet-at-junak-czech-scouting-region-liberec-4436154720,Geodet,,scraped,2026-07-07T00:10:26.414805,
9daf75828a177c60,https://cz.linkedin.com/jobs/view/ukl%C3%ADze%C4%8D-ka-at-zlat%C3%BD-co-4436479052,Uklízeč/ka,Zlatý&Co.,posted,2026-07-07T00:11:33.532277,22
86f3d127cfd56ca6,https://cz.linkedin.com/jobs/view/kucha%C5%99i-at-swami-corp-4437126883,Kuchaři,Swami Corp,posted,2026-07-07T00:11:42.750713,24
ef85618ea5815cac,https://cz.linkedin.com/jobs/view/send-us-your-cv-at-renomia-4433902372,SEND US YOUR CV,,scraped,2026-07-07T00:11:45.318970,
e3e04109736b3808,https://cz.linkedin.com/jobs/view/initiative-request-at-hirschmann-automotive-3994716912,Initiative request,,scraped,2026-07-07T00:11:54.285034,
9b614d92359059fb,https://cz.linkedin.com/jobs/view/pokladn%C3%ADci-v-organizac%C3%ADch-at-the-dhaba-4437136206,Pokladníci v organizacích,The Dhaba,posted,2026-07-07T00:12:10.222998,26
d7e9e6ac722cc317,https://cz.linkedin.com/jobs/view/po%C5%A1lite-n%C3%A1m-%C5%BEivotopis-at-renomia-4433790683,POŠLITE NÁM ŽIVOTOPIS,,scraped,2026-07-07T00:12:12.801295,
c9a426317a244aff,https://cz.linkedin.com/jobs/view/p%C5%99%C3%ADprav%C3%A1%C5%99-at-wobau-stavby-atelier-4431915170,Přípravář,,scraped,2026-07-07T00:12:21.166587,
d86a75f3706247dd,https://cz.linkedin.com/jobs/view/obsluha-bagru-m-%C5%BE-at-v%C3%BDstavba-s%C3%ADt%C3%AD-kol%C3%ADn-a-s-4436970867,Obsluha bagru (m/ž),,scraped,2026-07-07T00:12:30.329589,
347122f86a03288b,https://cz.linkedin.com/jobs/view/%C3%BAklidov%C3%BD-pracovn%C3%ADk-brno-at-b%2Bn-czech-republic-facility-services-s-r-o-4436164402,Úklidový pracovník- Brno,,scraped,2026-07-07T00:12:39.660421,
559ed3c55aedf2f5,https://cz.linkedin.com/jobs/view/%C4%8D%C3%AD%C5%A1n%C3%ADci-a-serv%C3%ADrky-at-miamc-pvt-limited-4436914709,Číšníci a servírky,,scraped,2026-07-07T00:12:48.164766,
dca3e05aab91c09e,https://cz.linkedin.com/jobs/view/handler-at-fedex-4435568693,Handler,FedEx,posted,2026-07-07T00:13:02.363278,28
3cac50938248eb37,https://cz.linkedin.com/jobs/view/hled%C3%A1me-brusi%C4%8De-do-t%C5%99ince%21-pouze-rann%C3%AD-a-odpoledn%C3%AD-sm%C4%9Bny%21-at-comac-4436920460,Hledáme brusiče do Třince! Pouze ranní a odpolední směny!,,scraped,2026-07-07T00:13:04.946899,
a1668695876cacc1,https://cz.linkedin.com/jobs/view/d%C4%9Bln%C3%ADci-v-oblasti-v%C3%BDstavby-budov-at-ag%C3%AAncia-mobidick-4437130573,Dělníci v oblasti výstavby budov,,scraped,2026-07-07T00:13:11.323971,
406c2fb3cf2d9075,https://cz.linkedin.com/jobs/view/prodava%C4%8D-ka-at-grupo-maso-4436164401,Prodavač/ka,Grupo Maso,posted,2026-07-07T00:13:28.402868,30
4bef573f03a59aba,https://cz.linkedin.com/jobs/view/handler-id-at-fedex-4435576463,Handler (ID),FedEx,posted,2026-07-07T00:13:37.943027,32
83803e1dc8923280,https://cz.linkedin.com/jobs/view/str%C3%A1%C5%BEn%C3%BD-str%C3%A1%C5%BEn%C3%A1-justi%C4%8Dn%C3%AD-str%C3%A1%C5%BEe-at-v%C4%9Bze%C5%88sk%C3%A1-slu%C5%BEba-%C4%8Desk%C3%A9-republiky-4436919461,Strážný/strážná justiční stráže,,scraped,2026-07-07T00:13:40.552630,
cd2d7d8c8a809506,https://cz.linkedin.com/jobs/view/obchodn%C3%AD-konzultant-at-baz%C3%A9ny-relax-s-r-o-4432793056,Obchodní konzultant,Bazény relax s.r.o.,posted,2026-07-07T00:14:21.861828,34
0a4498387c9c2686,https://cz.linkedin.com/jobs/view/ux-ui-designer-at-the-flex-4436393136,UX/UI Designer,,scraped,2026-07-07T00:14:24.541794,
0ec07b59b0eba5b0,https://cz.linkedin.com/jobs/view/junior-accountant-at-24i-4436196112,Junior Accountant,,scraped,2026-07-07T00:14:32.052860,
e851af020495d831,https://cz.linkedin.com/jobs/view/finance-internship-at-l-or%C3%A9al-4435435388,Finance Internship,,scraped,2026-07-07T00:14:38.748498,
2ecfa2c4a6d00b2e,https://cz.linkedin.com/jobs/view/product-analyst-at-algoteque-innovation-hub-4434926864,Product Analyst,,scraped,2026-07-07T00:14:45.486806,
2d2d27952a50167d,https://cz.linkedin.com/jobs/view/data-analyst-at-ematiq-4436412876,Data Analyst,,scraped,2026-07-07T00:14:53.024390,
ec0d0fa8beafb041,https://cz.linkedin.com/jobs/view/human-resources-office-assistant-at-multi-wing-4436303557,Human Resources Office Assistant,,scraped,2026-07-07T00:14:59.284247,
7bd27ed5f3055759,https://cz.linkedin.com/jobs/view/recruitment-experience-partner-at-morgan-mckinley-4435457975,Recruitment Experience Partner,Morgan McKinley,posted,2026-07-07T00:15:15.450671,36
0104f5f9f6be68cc,https://cz.linkedin.com/jobs/view/tiktok-shop-specialist-at-jobgether-4436225186,TikTok Shop Specialist,,scraped,2026-07-07T00:15:18.067033,
85e0901c73f30ec0,https://cz.linkedin.com/jobs/view/procurement-specialist-at-bagira-4434981114,Procurement Specialist,,scraped,2026-07-07T00:15:24.565794,
d0cc9a9c0a152b34,https://cz.linkedin.com/jobs/view/ai-automation-manager-at-hedepy-4436701298,AI & Automation manager,,scraped,2026-07-07T00:16:35.603538,
d60034165cab076f,https://cz.linkedin.com/jobs/view/head-of-admissions-marketing-independent-education-group-at-direct-recruitment-4432796491,Head of Admissions & Marketing | Independent Education Group,,scraped,2026-07-07T00:17:46.158298,
13ac02096ac2f6d8,https://cz.linkedin.com/jobs/view/event-manager-ka-at-renomia-4433787841,EVENT MANAGER/KA,,scraped,2026-07-07T00:17:53.548884,
5fe94e1956ea108c,https://cz.linkedin.com/jobs/view/hpc-network-engineer-at-mirantis-4437155975,HPC Network Engineer,Mirantis,posted,2026-07-07T00:19:15.841936,38
cefc9bd696fa39d5,https://cz.linkedin.com/jobs/view/goldbeck-studio-hled%C3%A1-architekta-ku-stava%C5%99e-ku-profesanta-ku-%21-at-earch-4436728550,GOLDBECK Studio hledá architekta(ku) / stavaře(ku) / profesanta(ku)!,,scraped,2026-07-07T00:19:18.383175,
6e727116fca1d404,https://cz.linkedin.com/jobs/view/brand-marketing-trainee-%F0%9F%92%A7-mattoni-trainee-program-%F0%9F%8E%93-at-mattoni-1873-4436038294,Brand Marketing Trainee 💧 Mattoni Trainee Program 🎓,,scraped,2026-07-07T00:19:25.919138,
fd131808e081775a,https://cz.linkedin.com/jobs/view/french-speaking-content-moderator-social-media-work-in-sofia-bulgaria-at-mercier-consultancy-md-4436978701,"French Speaking Content Moderator Social Media - Work In Sofia, Bulgaria",Mercier Consultancy MD,posted,2026-07-07T00:19:39.699883,40
0064d8203a47716b,https://cz.linkedin.com/jobs/view/english-speaking-tour-guide-at-bohemia-adventures-4433149961,English-speaking Tour Guide,,scraped,2026-07-07T00:19:42.299695,
93a2fd51ec5f6729,https://cz.linkedin.com/jobs/view/production-manager-at-paragon-global-4432365751,Production Manager,,scraped,2026-07-07T00:19:50.855493,
0b9096efeffdcf9b,https://cz.linkedin.com/jobs/view/administrative-assistant-part-time-at-avio-aero-4428843292,Administrative Assistant (Part-time),,scraped,2026-07-07T00:19:59.675822,
5dd3f43dc1de7efc,https://cz.linkedin.com/jobs/view/junior-hr-business-partner-spanish-speaker-at-international-workplace-group-plc-4429987786,Junior HR Business Partner (Spanish Speaker),,scraped,2026-07-07T00:21:09.934047,
050a058c69cb6737,https://cz.linkedin.com/jobs/view/product-analyst-at-algoteque-innovation-hub-4434933880,Product Analyst,,scraped,2026-07-07T00:21:17.077838,
2dd8e7b429a150d9,https://cz.linkedin.com/jobs/view/packaging-designer-at-marvinpac-4432791176,Packaging Designer,,scraped,2026-07-07T00:21:24.005670,
e4943773b37e3d0f,https://cz.linkedin.com/jobs/view/product-manager-at-creditinfo-group-4435427911,Product Manager,,scraped,2026-07-07T00:21:32.460553,
f86d4ae0898c9706,https://cz.linkedin.com/jobs/view/commercial-director-retail-at-farkasova-international-4431900379,COMMERCIAL DIRECTOR / RETAIL,,scraped,2026-07-07T00:22:42.859720,
518b6f1aef4b45cf,https://cz.linkedin.com/jobs/view/growth-marketing-manager-at-amplify-4435880835,Growth Marketing Manager,,scraped,2026-07-07T00:22:52.080128,
1cd2b29343c05a60,https://cz.linkedin.com/jobs/view/retail-marketing-trainee-at-colgate-palmolive-4415667638,Retail Marketing Trainee,Colgate-Palmolive,posted,2026-07-07T00:23:05.912533,42
1076775db7b3a34e,https://cz.linkedin.com/jobs/view/senior-talent-acquisition-specialist-at-renomia-4433784907,SENIOR TALENT ACQUISITION SPECIALIST,,scraped,2026-07-07T00:23:08.526535,
c03288f04d632243,https://cz.linkedin.com/jobs/view/e-shop-specialist-nescaf%C3%A9-dolce-gusto-at-nestl%C3%A9-4435167818,E-shop Specialist NESCAFÉ Dolce Gusto,Nestlé,posted,2026-07-07T00:24:29.057334,44
6c36a09e0c2a47c2,https://cz.linkedin.com/jobs/view/vedouc%C3%AD-ekonomick%C3%A9ho-odboru-krajsk%C3%A9ho-%C3%BA%C5%99adu-libereck%C3%A9ho-kraje-at-junak-czech-scouting-region-liberec-4436987076,Vedoucí ekonomického odboru Krajského úřadu Libereckého kraje,,scraped,2026-07-07T00:24:31.674953,
d9924671e3063a44,https://cz.linkedin.com/jobs/view/pracovn%C3%ADk-ce-venkovn%C3%AD-%C3%BAdr%C5%BEby-at-nemocnice-agel-ostrava-v%C3%ADtkovice-4434636119,Pracovník/ce venkovní údržby,,scraped,2026-07-07T00:25:41.665678,
fee05a736925eb0e,https://cz.linkedin.com/jobs/view/pracovn%C3%ADk-optick%C3%A9-laborato%C5%99e-m-%C5%BE-at-optokon-ukraine-llc-4436980442,Pracovník optické laboratoře (m/ž),Optokon Ukraine LLC,posted,2026-07-07T00:27:00.860360,46
73a101f44c268e52,https://cz.linkedin.com/jobs/view/ppc-specialist-at-notino-4408796125,PPC Specialist,,scraped,2026-07-07T00:27:03.467932,
ba3df1f6c8ef4854,https://cz.linkedin.com/jobs/view/produkt-manager-n%C3%A1kup-at-lama-plus-s-r-o-4436479053,Produkt Manager / nákup,,scraped,2026-07-07T00:27:10.998119,
b5aea8806a8d9d45,https://cz.linkedin.com/jobs/view/asistent-pro-mana%C5%BEera-4433749070,Asistent pro manažera,Born2Fiber Brno s.r.o.,posted,2026-07-07T00:27:23.221366,48
fe41f17690304d77,https://cz.linkedin.com/jobs/view/cost-engineer-45-000-50-000czk-at-antal-czech-republic-and-slovakia-4434497629,"Cost Engineer (45,000-50,000czk)",Antal Czech Republic and Slovakia,posted,2026-07-07T00:28:41.668341,50
24be7f0632472389,https://cz.linkedin.com/jobs/view/mas%C3%A9%C5%99i-krom%C4%9B-odborn%C3%BDch-mas%C3%A9r%C5%AF-ve-zdravotnictv%C3%AD-at-hotelis-s-r-o-4436160539,Maséři (kromě odborných masérů ve zdravotnictví),,scraped,2026-07-07T00:28:44.216107,
7a0f618cf375fced,https://cz.linkedin.com/jobs/view/skladn%C3%ADk-bali%C4%8D-at-preciosa-components-4433754769,SKLADNÍK - BALIČ,,scraped,2026-07-07T00:28:51.691131,
4847a4c0f735f23f,https://cz.linkedin.com/jobs/view/workday-lead-hcm-core-compensation-czech-republic-at-deloitte-4432718548,Workday Lead (HCM Core/Compensation) | Czech Republic,Deloitte,posted,2026-07-07T00:30:10.070992,52
fa3595f6406be459,https://cz.linkedin.com/jobs/view/jednoduch%C3%A1-obsluha-k-hotelov%C3%BDm-bufet%C5%AFm-spole%C4%8Densk%C3%BD-d%C5%AFm-at-l%C3%A1zn%C4%9B-luha%C4%8Dovice-a-s-4436923411,Jednoduchá obsluha k hotelovým bufetům - Společenský dům,,scraped,2026-07-07T00:30:12.693780,
1bff0040130a067b,https://cz.linkedin.com/jobs/view/administr%C3%A1tor-obalov%C3%A9ho-materi%C3%A1lu-at-dyntec-webdesign-4436915556,Administrátor obalového materiálu,dyntec Webdesign,posted,2026-07-07T00:30:27.266512,54
508e450c617fd4b3,https://cz.linkedin.com/jobs/view/ortoptista-%C5%BE-m-at-gemini-o%C4%8Dn%C3%AD-klinika-4431993276,ORTOPTISTA (Ž/M),,scraped,2026-07-07T00:30:29.767035,
c259562b19c92d46,https://cz.linkedin.com/jobs/view/material-controler-at-edwards-vacuum-4435831204,Material Controler,,scraped,2026-07-07T00:30:37.475836,
79f1fbe0d1776a4e,https://cz.linkedin.com/jobs/view/realitn%C3%AD-makl%C3%A9%C5%99-at-remax-axis-4433902839,Realitní makléř,REMAX AXIS,posted,2026-07-07T00:31:55.129082,56
03989c692e99de6e,https://cz.linkedin.com/jobs/view/labelling-operator-at-kerr-dental-4436363919,Labelling operator,Kerr Dental,posted,2026-07-07T00:32:04.580936,58
ca0ce4579ba6a959,https://cz.linkedin.com/jobs/view/se%C5%99izova%C4%8Di-a-obsluha-konven%C4%8Dn%C3%ADch-soustruh%C5%AF-at-unex-a-s-4437142054,Seřizovači a obsluha konvenčních soustruhů,,scraped,2026-07-07T00:32:07.273465,
2b52e41700302c23,https://cz.linkedin.com/jobs/view/referent-ka-spr%C3%A1vy-s%C3%ADt%C4%9B-soci%C3%A1ln%C3%ADch-slu%C5%BEeb-at-moravskoslezsk%C3%BD-kraj-4436165414,Referent/ka správy sítě sociálních služeb,,scraped,2026-07-07T00:32:14.689100,
6cb7c5eeebfd56cf,https://cz.linkedin.com/jobs/view/vodohospod%C3%A1%C5%99sk%C3%BD-d%C4%9Bln%C3%ADk-m-%C5%BE-at-povod%C3%AD-moravy-s-p-morava-river-board-corp-4436155672,Vodohospodářský dělník m/ž,,scraped,2026-07-07T00:33:25.596403,
dded86fec8a74304,https://cz.linkedin.com/jobs/view/apprenticeship-trainer-engineering-at-east-kent-college-4431977652,Apprenticeship Trainer - Engineering,,scraped,2026-07-07T00:34:35.891720,
499be82d02b6943d,https://cz.linkedin.com/jobs/view/regional-pricing-manager-at-flex-4407662205,Regional Pricing Manager,Flex,posted,2026-07-07T00:34:50.958557,60
29264ba62ea7a14f,https://cz.linkedin.com/jobs/view/innovations-trainee-%F0%9F%92%A7-mattoni-trainee-program-%F0%9F%8E%93-at-mattoni-1873-4436035419,Innovations Trainee 💧 Mattoni Trainee Program 🎓,,scraped,2026-07-07T00:34:53.553937,
5ab1f17b2d4b2de9,https://cz.linkedin.com/jobs/view/brig%C3%A1dn%C3%AD-v%C3%BDpomoc-pro-odd%C4%9Blen%C3%AD-n%C3%A1kupu-s-ma%C4%8Far%C5%A1tinou-hybridn%C3%AD-spolupr%C3%A1ce-at-mattoni-1873-4436044148,Brigádní výpomoc pro oddělení nákupu s maďarštinou (hybridní spolupráce),,scraped,2026-07-07T00:36:04.784739,
18866444081dd3a4,https://cz.linkedin.com/jobs/view/plant-manager-at-bm4u-s-r-o-4435822237,Plant Manager,,scraped,2026-07-07T00:36:12.137702,
68395f614cd0bfcf,https://cz.linkedin.com/jobs/view/ai-infrastructure-platform-operations-engineer-remote-in-the-eu-at-mirantis-4437164526,AI Infrastructure & Platform Operations Engineer (remote in the EU),Mirantis,posted,2026-07-07T00:36:28.879241,62
4d101754c3a33904,https://cz.linkedin.com/jobs/view/pracovn%C3%ADk-ice-expedice-at-elitex-limited-4436158592,Pracovník/ice expedice,ELITEX LIMITED,posted,2026-07-07T00:36:38.306303,64
d436f25ace0b1ad8,https://cz.linkedin.com/jobs/view/asistent-asistentka-prodeje-rokycany-at-izomat-stavebniny-s-r-o-4435283410,ASISTENT / ASISTENTKA PRODEJE - ROKYCANY,,scraped,2026-07-07T00:36:40.906704,
afc27cea72f82368,https://cz.linkedin.com/jobs/view/claims-processing-agent-freelance-ai-trainer-at-mindrift-4432382642,Claims Processing Agent - Freelance AI Trainer,Mindrift,posted,2026-07-07T00:36:53.871140,66
03568023428b53a5,https://cz.linkedin.com/jobs/view/enterprise-account-executive-remote-only-europe-at-cloudlinux-4431944867,Enterprise Account Executive (remote-only Europe),CloudLinux,posted,2026-07-07T00:37:02.985216,68
9378662926f3d35f,https://cz.linkedin.com/jobs/view/executive-assistant-at-hr-done-4435305081,Executive Assistant,HR:DONE.,posted,2026-07-07T00:37:12.683910,70
febc7fb18ec9e179,https://cz.linkedin.com/jobs/view/international-claims-manager-at-renomia-4433796574,INTERNATIONAL CLAIMS MANAGER,,scraped,2026-07-07T00:37:15.381653,
207db75db2eb8241,https://cz.linkedin.com/jobs/view/pr%C3%A1ce-v-automotivu-v-%C4%8Desk%C3%A9m-t%C4%9B%C5%A1%C3%ADn%C4%9B%21-bonusy%21-n%C3%A1stup-ihned%21-at-comac-4436927259,Práce v automotivu v Českém Těšíně! Bonusy! Nástup ihned!,,scraped,2026-07-07T00:37:26.413748,
ddab94c3a2827b84,https://cz.linkedin.com/jobs/view/%C5%A1ikovn%C3%BD-brusi%C4%8D-na-rann%C3%AD-a-odpoledn%C3%AD-sm%C4%9Bny-v-t%C5%99inci-at-comac-4437123893,Šikovný brusič na ranní a odpolední směny v Třinci,,scraped,2026-07-07T00:38:36.575559,
ce98200a6d2e48b0,https://cz.linkedin.com/jobs/view/pr%C3%A1ce-v-automotivu-v-%C4%8Desk%C3%A9m-t%C4%9B%C5%A1%C3%ADn%C4%9B%21-bonusy%21-n%C3%A1stup-ihned%21-at-comac-4436924365,Práce v automotivu v Českém Těšíně! Bonusy! Nástup ihned!,,scraped,2026-07-07T00:39:46.583603,
03401bdf14c046f3,https://cz.linkedin.com/jobs/view/pr%C3%A1ce-ve-v%C3%BDrob%C4%9B-levn%C3%A9-ob%C4%9Bdy-a%C5%BE-35-000-k%C4%8D-at-comac-4437127758,Práce ve výrobě | Levné obědy | až 35 000 Kč,,scraped,2026-07-07T00:39:52.681528,
a6392f584df3f1e1,https://cz.linkedin.com/jobs/view/vr%C3%A1tn%C3%AD-str%C3%A1%C5%BEn%C3%AD-%E2%80%93-pouze-ozp-at-my-eagle-eyes-4436976679,Vrátní strážní – pouze OZP,My Eagle Eyes,posted,2026-07-07T00:40:08.597000,72
6bf42a6b1b2ef2c7,https://cz.linkedin.com/jobs/view/skladn%C3%ADk-mont%C3%A1%C5%BEn%C3%ADk-at-asko-n%C3%A1bytek-spol-s-r-o-4437140028,SKLADNÍK / MONTÁŽNÍK,,scraped,2026-07-07T00:40:11.164519,
de8d0a07d1d09e9c,https://cz.linkedin.com/jobs/view/m%C3%A1m-pro-tebe-pr%C3%A1ci-v-karvin%C3%A9-voln%C3%A9-m%C3%ADsto-ihned-at-comac-4436919453,Mám pro tebe práci v karviné - Volné místo ihned,,scraped,2026-07-07T00:40:19.585877,
65032afd033fa935,https://cz.linkedin.com/jobs/view/pracovn%C3%ADk-pracovnice-na-%C3%BAklid-kancel%C3%A1%C5%99%C3%AD-%2B-v%C3%BDdej-ob%C4%9Bd%C5%AF-at-simacek-romania-4436973776,Pracovník/pracovnice na úklid kanceláří + výdej obědů,,scraped,2026-07-07T00:41:29.788808,
2fcd51a665a9bce9,https://cz.linkedin.com/jobs/view/vr%C3%A1tn%C3%AD-str%C3%A1%C5%BEn%C3%AD-%E2%80%93-pouze-ozp-at-my-eagle-eyes-4436983297,"Vrátní, strážní – pouze OZP",My Eagle Eyes,posted,2026-07-07T00:41:45.975119,74
df29fe44cc32a52c,https://cz.linkedin.com/jobs/view/str%C3%A1%C5%BEn%C3%BD-v%C4%9Bze%C5%88sk%C3%A9-str%C3%A1%C5%BEe-dozorce-at-v%C4%9Bze%C5%88sk%C3%A1-slu%C5%BEba-%C4%8Desk%C3%A9-republiky-4436460865,Strážný vězeňské stráže / dozorce,,scraped,2026-07-07T00:41:48.500734,
9a86a0e9d847e14e,https://cz.linkedin.com/jobs/view/key-account-manager-at-mova-tech-4420680618,Key Account Manager,,scraped,2026-07-07T00:41:56.190562,
f3563b5990245714,https://cz.linkedin.com/jobs/view/customer-service-specialist-f-m-d-at-hsh-chemie-4435477558,Customer Service Specialist (f/m/d),HSH Chemie,posted,2026-07-07T00:43:18.739257,76
3d19c164659251fe,https://cz.linkedin.com/jobs/view/referent-ka-odd%C4%9Blen%C3%AD-technick%C3%A9-spr%C3%A1vy-budov-at-statutarni-mesto-ostrava-4436156579,Referent/ka oddělení technické správy budov,Statutarni mesto Ostrava,posted,2026-07-07T00:43:28.224240,78
c6673dc4004e0ea0,https://cz.linkedin.com/jobs/view/plant-manager-at-tr%C3%A8ves-group-4432373362,Plant Manager,,scraped,2026-07-07T00:43:30.793520,
bf4a9c610108af3c,https://cz.linkedin.com/jobs/view/business-analyst-%E2%80%93-legal-compliance-%E2%80%93-europe-october-start-at-red-global-4432366001,Business Analyst – Legal & Compliance – Europe (October start),,scraped,2026-07-07T00:43:37.811897,
e515372f94775062,https://cz.linkedin.com/jobs/view/lease-up-marketing-manager-real-estate-at-jobgether-4436081449,Lease-Up Marketing Manager (Real Estate),,scraped,2026-07-07T00:43:45.746056,
a3d5dc432300dd76,https://cz.linkedin.com/jobs/view/asistent-prodeje-at-fade-cz-prodes-4432765578,Asistent prodeje,,scraped,2026-07-07T00:43:52.380679,
db70b18f4c4cfd44,https://cz.linkedin.com/jobs/view/business-analyst-at-ais-servis-s-r-o-4419287325,Business Analyst,,scraped,2026-07-07T00:43:59.319978,
7f1bd4d1bf73df15,https://cz.linkedin.com/jobs/view/i-c-design-engineer-ovation-at-laveer-engineering-4436926998,I&C Design Engineer (OVATION),,scraped,2026-07-07T00:44:08.583148,
ce935beedb809bc1,https://cz.linkedin.com/jobs/view/associate-director-global-people-experience-at-carrier-4436216874,"Associate Director, Global People Experience",Carrier,posted,2026-07-07T00:45:26.086754,80
1f0d54e17ef601be,https://cz.linkedin.com/jobs/view/manipula%C4%8Dn%C3%AD-d%C4%9Bln%C3%ADk-brig%C3%A1da-m-%C5%BE-at-vset%C3%ADnsk%C3%A1-nemocnice-a-s-4436981431,Manipulační dělník - brigáda (m/ž),,scraped,2026-07-07T00:45:28.661006,
a240ed55b2ffed79,https://cz.linkedin.com/jobs/view/workday-absence-security-specialist-m-f-d-at-siemens-4405740673,Workday Absence & Security Specialist (m/f/d),Siemens,posted,2026-07-07T00:46:50.435301,82
095da1e4aa525cd1,https://cz.linkedin.com/jobs/view/maintainer-at-magna-international-4436393019,Maintainer,,scraped,2026-07-07T00:46:53.030850,
70996be13a16efe3,https://cz.linkedin.com/jobs/view/pracovn%C3%ADk-pracovnice-v-soci%C3%A1ln%C3%ADch-slu%C5%BEb%C3%A1ch-%E2%80%93-pe%C4%8Dovatelsk%C3%A1-%C4%8Dinnost-at-charita-4436971852,Pracovník/pracovnice v sociálních službách – pečovatelská činnost,,scraped,2026-07-07T00:47:00.300836,
a11cb74e91afdc6f,https://cz.linkedin.com/jobs/view/skladn%C3%ADk-%E2%80%93-t%C5%99%C3%ADd%C4%9Bn%C3%AD-a-expedice-z%C3%A1silek-no%C4%8Dn%C3%AD-sm%C4%9Bna-21-00-03-00-at-ups-4417158265,Skladník – třídění a expedice zásilek (noční směna 21:00 - 03:00),UPS,posted,2026-07-07T00:47:14.316020,84
189a8bd853d21290,https://cz.linkedin.com/jobs/view/%C4%8Dist%C3%A1-pr%C3%A1ce-v-potravin%C3%A1%C5%99sk%C3%A9-v%C3%BDrob%C4%9B-t%C5%99inec-at-comac-4436930194,Čistá práce v potravinářské výrobě. Třinec.,,scraped,2026-07-07T00:47:16.822573,
b2f612820b031abc,https://cz.linkedin.com/jobs/view/freight-cost-specialist-d-f-m-at-4flow-4418917969,Freight Cost Specialist (d/f/m),,scraped,2026-07-07T00:47:23.644199,
19e811dc3762e938,https://cz.linkedin.com/jobs/view/buyer-at-abb-4435560042,Buyer,,scraped,2026-07-07T00:48:34.700199,
d23d855697f6094d,https://cz.linkedin.com/jobs/view/koordin%C3%A1tor-ka-mobilit-at-technical-university-of-liberec-4437134358,Koordinátor/ka mobilit,Technická univerzita v Liberci,posted,2026-07-07T00:49:54.626462,86
f31d3be23ed31f33,https://cz.linkedin.com/jobs/view/operator-setter-at-vishay-intertechnology-inc-4072111075,Operator - Setter,"Vishay Intertechnology, Inc.",posted,2026-07-07T00:50:06.236576,88
62ec4aaf386016a9,https://cz.linkedin.com/jobs/view/mana%C5%BEer-obchodn%C3%ADho-t%C3%BDmu-%E2%80%93-finan%C4%8Dn%C3%AD-poradenstv%C3%AD-s-nejv%C4%9Bt%C5%A1%C3%ADm-makl%C3%A9%C5%99em-v-%C4%8Dr-at-renomia-4433796572,MANAŽER OBCHODNÍHO TÝMU – FINANČNÍ PORADENSTVÍ S NEJVĚTŠÍM MAKLÉŘEM V ČR,,scraped,2026-07-07T00:50:08.870241,
ae70de24feb3a82e,https://cz.linkedin.com/jobs/view/senior-project-manager-at-marketing-hup-4433148772,Senior Project Manager,,scraped,2026-07-07T00:50:17.848072,
61821c50e2ac0736,https://cz.linkedin.com/jobs/view/pracovn%C3%ADk-vodohospod%C3%A1%C5%99sk%C3%A9ho-za%C5%99%C3%ADzen%C3%AD-at-jihostroj-a-s-4437138165,Pracovník vodohospodářského zařízení,Jihostroj a.s.,posted,2026-07-07T00:50:30.830085,90
850afe17611c953d,https://cz.linkedin.com/jobs/view/recep%C4%8Dn%C3%AD-at-fortifox-technologies-a-s-4433188327,Recepční,,scraped,2026-07-07T00:50:33.513824,
b6f49bde0aa841cf,https://cz.linkedin.com/jobs/view/medical-affairs-specialist-at-edwards-lifesciences-4433929925,Medical Affairs Specialist,Edwards Lifesciences,posted,2026-07-07T00:51:55.537027,92
d4b8cd0d3b4e0574,https://cz.linkedin.com/jobs/view/machine-learning-ai-developer-at-aon-4408775531,Machine Learning & AI Developer,,scraped,2026-07-07T00:51:58.152631,
2953bc5cf954ac90,https://cz.linkedin.com/jobs/view/vedouc%C3%AD-odd%C4%9Blen%C3%AD-administrativn%C3%ADho-pracovi%C5%A1t%C4%9B-nsd-ii-at-%F0%9F%86%99%EF%B8%8F-%C3%BA%C5%99ad-pr%C3%A1ce-%C4%8Dr-%E2%AC%86%EF%B8%8F-4436155670,Vedoucí oddělení administrativního pracoviště NSD II.,,scraped,2026-07-07T00:52:04.793535,
6e7ab30e864b8e64,https://cz.linkedin.com/jobs/view/internship-prague-at-ab-inbev-4206200783,Internship Prague,,scraped,2026-07-07T00:52:23.338214,
1b2fdb6332519272,https://cz.linkedin.com/jobs/view/super-pr%C3%A1ce-ve-v%C3%BDrob%C4%9B-ostrava-hru%C5%A1ov-vysok%C3%BD-plat-n%C3%A1stup-ihned-at-comac-4436920489,Super práce ve výrobě |Ostrava Hrušov | Vysoký plat | Nástup ihned,,scraped,2026-07-07T00:53:33.648895,
03ca2cea7fb04aa4,https://cz.linkedin.com/jobs/view/oper%C3%A1to%C5%99i-fren%C5%A1t%C3%A1t-p-r-a%C5%BE-40-000-k%C4%8D%21-at-comac-4436908982,Operátoři Frenštát p.R. až 40 000 Kč!,,scraped,2026-07-07T00:54:43.717545,
f83de3d0e531f584,https://cz.linkedin.com/jobs/view/skladov%C3%BD-manipulant-da%C4%8Dice-at-izomat-stavebniny-s-r-o-4435278585,SKLADOVÝ MANIPULANT - DAČICE,IZOMAT stavebniny s.r.o.,posted,2026-07-07T00:56:09.508162,94
23b2b7d139f1b6bd,https://cz.linkedin.com/jobs/view/z%C3%A1stupce-vedouc%C3%ADho-skladu-at-asko-n%C3%A1bytek-spol-s-r-o-4437134246,ZÁSTUPCE VEDOUCÍHO SKLADU,,scraped,2026-07-07T00:56:12.072767,
9a9576486f6b24f6,https://cz.linkedin.com/jobs/view/junior-payroll-analyst-12-months-contract-at-wrike-4416622167,Junior Payroll Analyst - 12 months Contract,Wrike,posted,2026-07-07T00:56:26.612653,96
650352df38748989,https://cz.linkedin.com/jobs/view/labelling-coordinator-at-kerr-dental-4436382127,Labelling Coordinator,Kerr Dental,posted,2026-07-07T00:56:35.277813,98
14ba4e6f530f19f0,https://cz.linkedin.com/jobs/view/se%C5%99izova%C4%8D-vst%C5%99ikolisu-at-schaeffler-4417713889,Seřizovač vstřikolisu,Schaeffler,posted,2026-07-07T00:56:47.485134,100
bbb9fd9f8788a3ab,https://cz.linkedin.com/jobs/view/v%C3%BDr-obsluha-lisy-nep%C5%99etr%C5%BEit%C3%BD-provoz-at-schaeffler-4405164130,"Výr. obsluha, lisy - nepřetržitý provoz",Schaeffler,posted,2026-07-07T00:56:59.736425,102
7aa704242f876e6a,https://cz.linkedin.com/jobs/view/skladn%C3%ADk-vzv-m-%C5%BE-a%C5%BE-36-567-k%C4%8D-%2B-bonus-15-000-k%C4%8D-ostrava-hrabov%C3%A1-at-ozo-ostrava-s-r-o-4436155661,Skladník VZV (m/ž) - až 36 567 Kč + bonus 15 000 Kč | Ostrava - Hrabová,,scraped,2026-07-07T00:57:02.410673,
0b10778079f6c790,https://cz.linkedin.com/jobs/view/skladn%C3%ADk-%C5%99idi%C4%8D-vzv-m-%C5%BE-at-foxconn-czech-republic-4436160534,"Skladník, řidič VZV (m/ž)",,scraped,2026-07-07T00:58:13.949047,
77b4d8fa64c52328,https://cz.linkedin.com/jobs/view/asistenti-pedagog%C5%AF-at-mate%C5%99sk%C3%A1-%C5%A1kola-karlovy-vary-4436479050,Asistenti pedagogů,,scraped,2026-07-07T00:58:22.242513,
1f4b575d324fb9e4,https://cz.linkedin.com/jobs/view/%C5%99idi%C4%8D-ka-vzv-skladn%C3%ADk-ce-at-intertell-econom%C3%ADa-4436972791,"Řidič/ka VZV, skladník/ce",,scraped,2026-07-07T00:58:31.893503,
b1c8261042138574,https://cz.linkedin.com/jobs/view/crm-loyalty-manager-at-l-or%C3%A9al-4371525626,CRM & Loyalty Manager,,scraped,2026-07-07T00:58:38.146756,
e36d07241b45c7dc,https://cz.linkedin.com/jobs/view/senior-data-scientist-m-f-x-at-grid-esports-4436723128,Senior Data Scientist (m/f/x),,scraped,2026-07-07T00:58:44.867000,
6cb3232857ddd478,https://cz.linkedin.com/jobs/view/quality-trainee-%F0%9F%92%A7-mattoni-trainee-program-%F0%9F%8E%93-at-mattoni-1873-4436036398,Quality Trainee 💧 Mattoni Trainee Program 🎓,,scraped,2026-07-07T00:58:51.436355,
ec066ace918755eb,https://cz.linkedin.com/jobs/view/field-service-engineer-m-w-d-mechatronics-electronics-electrical-engineer-at-smurfit-westrock-4432758257,Field Service Engineer (m/w/d) - Mechatronics/Electronics/Electrical Engineer,,scraped,2026-07-07T01:00:02.491133,
b76f02f66a470e21,https://cz.linkedin.com/jobs/view/pracovn%C3%ADk-v-soci%C3%A1ln%C3%ADch-slu%C5%BEb%C3%A1ch-soci%C3%A1ln%C3%AD-slu%C5%BEby-m%C4%9Bsta-krom%C4%9B%C5%99%C3%AD%C5%BEe-p-o-uz%C3%A1v%C4%9Brka-13-7-2026-at-zl%C3%ADnsk%C3%BD-kraj-4436395577,"Pracovník v sociálních službách (Sociální služby města Kroměříže, p.o., uzávěrka - 13. 7. 2026.)",,scraped,2026-07-07T01:00:09.840241,
4b632835b1a6ea1d,https://cz.linkedin.com/jobs/view/produktov%C3%BD-mana%C5%BEer-at-izomat-stavebniny-s-r-o-4435280489,PRODUKTOVÝ MANAŽER,,scraped,2026-07-07T01:00:17.068986,
3782044f72865989,https://cz.linkedin.com/jobs/view/customer-support-specialist-at-convera-4427510139,Customer Support Specialist,Convera,posted,2026-07-07T01:00:32.717055,104
7b9ffbbac36aacae,https://cz.linkedin.com/jobs/view/travel-konzultant-nitra-at-%C4%8Dedok-a-s-4434370386,Travel konzultant - Nitra,,scraped,2026-07-07T01:00:35.432333,
5f2cc4535bb9073c,https://cz.linkedin.com/jobs/view/customer-experience-operations-specialist-at-ingersoll-rand-compressor-systems-services-4435574513,Customer Experience - Operations Specialist,Ingersoll Rand Compressor Systems &amp; Services,posted,2026-07-07T01:00:49.805504,106
8cbdff9d26980308,https://cz.linkedin.com/jobs/view/software-engineer-ai-training-at-alignerr-4435372154,Software Engineer (AI Training),Alignerr,posted,2026-07-07T01:00:58.855672,108
3ad7e8372cb9c425,https://cz.linkedin.com/jobs/view/deputy-manager-human-resources-at-swiss-connect-solutions-fze-4433983184,Deputy Manager Human Resources,,scraped,2026-07-07T01:01:01.546957,
64cb877d4c9dae57,https://cz.linkedin.com/jobs/view/referent-referentka-spr%C3%A1vy-dotac%C3%AD-odd%C4%9Blen%C3%AD-sportu-odboru-%C5%A1kolstv%C3%AD-at-jihomoravsk%C3%BD-kraj-4436467499,"Referent/referentka správy dotací, oddělení sportu odboru školství",,scraped,2026-07-07T01:02:12.292806,
f2d44b796356dc76,https://cz.linkedin.com/jobs/view/account-representative-liberec-at-renomia-4433903317,"ACCOUNT REPRESENTATIVE, LIBEREC",,scraped,2026-07-07T01:02:23.351663,
8d7c4b63a08575c6,https://cz.linkedin.com/jobs/view/pracovn%C3%ADk-pracovnice-skladu-hotov%C3%BDch-v%C3%BDrobk%C5%AF-at-narex-inc-4436973832,Pracovník/pracovnice skladu hotových výrobků,Narex Inc,posted,2026-07-07T01:02:42.849451,110
3e4d3185785bd5e0,https://cz.linkedin.com/jobs/view/v%C5%A1eobecn%C3%A1-praktick%C3%A1-sestra-standardn%C3%AD-odd%C4%9Blen%C3%AD-at-fakultn%C3%AD-nemocnice-bulovka-4433754716,Všeobecná / Praktická sestra (standardní oddělení),,scraped,2026-07-07T01:02:45.443417,
c48060015819deae,https://cz.linkedin.com/jobs/view/prodava%C4%8D-ka-at-grupo-maso-4435387149,Prodavač/ka,Grupo Maso,posted,2026-07-07T01:04:08.309370,112
ee6c58d697afa603,https://cz.linkedin.com/jobs/view/e-learning-administrator-at-futurelearn-4436358336,E-Learning Administrator,,scraped,2026-07-07T01:04:10.979228,
1c78b04f1fdbfcaa,https://cz.linkedin.com/jobs/view/kontrolo%C5%99i-kvality-at-hunter-douglas-kada%C5%88-s-r-o-4436461906,Kontroloři kvality,Hunter Douglas Kadaň s.r.o.,posted,2026-07-07T01:04:27.043063,114
6dfef7e1e8bc2fee,https://cz.linkedin.com/jobs/view/general-support-agent-all-genders-en-at-contabo-4435213007,General Support Agent (all genders)(EN),Contabo,posted,2026-07-07T01:05:43.505956,116
67657be799a522b2,https://cz.linkedin.com/jobs/view/associate-partner-acceleration-lead-at-red-hat-4435207830,Associate Partner Acceleration Lead,Red Hat,posted,2026-07-07T01:05:52.451378,118
b3c2cfc6b2934270,https://cz.linkedin.com/jobs/view/ai-solutions-consultant-e-commerce-at-oxyshop-4432352620,AI Solutions Consultant (e-commerce),,scraped,2026-07-07T01:05:55.088048,
0232b8d7b57fd3ff,https://cz.linkedin.com/jobs/view/serv%C3%ADrka-%C4%8D%C3%AD%C5%A1n%C3%ADk-at-varka-restaurant-4436969869,Servírka/číšník,Varka Restaurant,posted,2026-07-07T01:06:09.802916,120
ea01c7d23908fa1c,https://cz.linkedin.com/jobs/view/koncep%C4%8Dn%C3%AD-pracovn%C3%ADk-pracovnice-v-odd-sekr-%C5%99editele-%C3%BAssz-at-%C4%8Dssz-4436928282,Koncepční pracovník / pracovnice v ODD. sekr. ředitele ússz,,scraped,2026-07-07T01:06:12.438494,
9bc4b36bdbb03cf8,https://cz.linkedin.com/jobs/view/warehouse-operative-at-td-synnex%C2%A0czech-republic-4432799789,Warehouse Operative,TD SYNNEX Czech Republic,posted,2026-07-07T01:07:31.242097,122
678c03d7b266ee8a,https://cz.linkedin.com/jobs/view/facility-specialist-at-hitachi-energy-4427902228,Facility Specialist,,scraped,2026-07-07T01:07:33.866759,
ae88278bdf3a9bfd,https://cz.linkedin.com/jobs/view/junior-compliance-specialist-cee%2B-at-sobi-swedish-orphan-biovitrum-ab-publ-4437154164,Junior Compliance Specialist CEE+,,scraped,2026-07-07T01:07:40.808979,
548aa939da6698ef,https://cz.linkedin.com/jobs/view/manipulant-logistik-m-%C5%BE-at-sinop-a-s-4436458963,Manipulant logistik (m/ž),,scraped,2026-07-07T01:07:47.806505,
ac4cf531fcdb145d,https://cz.linkedin.com/jobs/view/pracovn%C3%ADk-pracovnice-v-soci%C3%A1ln%C3%ADch-slu%C5%BEb%C3%A1ch-chr%C3%A1n%C4%9Bn%C3%A9-bydlen%C3%AD-at-vy%C5%A1%C5%A1%C3%AD-odborn%C3%A1-%C5%A1kola-mills-4436172105,Pracovník/pracovnice v sociálních službách - chráněné bydlení,,scraped,2026-07-07T01:07:55.762615,
e7c108c2c594a6e2,https://cz.linkedin.com/jobs/view/learning-management-system-admin-at-keyloop-4437421257,Learning Management System Admin,,scraped,2026-07-07T01:10:11.885692,
595ed74cbfc205b3,https://cz.linkedin.com/jobs/view/referent-ka-extern%C3%ADch-po%C5%BEadavk%C5%AF-ochrana-s%C3%ADt%C4%9B-at-gasnet-cz-4436083472,Referent/ka externích požadavků - ochrana sítě,,scraped,2026-07-07T01:10:19.436095,
e713df16a8d4e0f1,https://cz.linkedin.com/jobs/view/guide-at-czech-national-bank-4433167166,Guide,,scraped,2026-07-07T01:11:30.677170,
9904a7a39c367531,https://cz.linkedin.com/jobs/view/p%C5%99%C3%ADprav%C3%A1%C5%99-v-pozemn%C3%ADm-stavitelstv%C3%AD-at-hinton-a-s-4433166917,Přípravář v pozemním stavitelství,,scraped,2026-07-07T01:12:43.104671,
2c148870a185fea1,https://cz.linkedin.com/jobs/view/referent-ka-n%C3%A1kupu-at-spol-s-r-o-4436481036,Referent/ka nákupu,,scraped,2026-07-07T01:12:51.890386,
ae60c98e7a2abb38,https://cz.linkedin.com/jobs/view/hse-specialist-m-%C5%BE-x-at-mondel%C4%93z-international-4417753662,HSE specialist (m/ž/x),Mondelēz International,posted,2026-07-07T01:13:07.649699,124
0c8ff2741fd748e6,https://cz.linkedin.com/jobs/view/gu%C3%ADa-tur%C3%ADstico-en-praga-at-buend%C3%ADa-4437135919,Guía turístico en Praga,,scraped,2026-07-07T01:13:10.288661,
7c3ebc79e65d5f56,https://cz.linkedin.com/jobs/view/audit-analyst-ide%C3%A1ln%C3%AD-start-kari%C3%A9ry-pro-absolventy-plze%C5%88-at-deloitte-4433186004,Audit Analyst | Ideální start kariéry pro absolventy | Plzeň,Deloitte,posted,2026-07-07T01:14:30.494599,126
a35e83699028364b,https://cz.linkedin.com/jobs/view/asistent-ka-vedouc%C3%ADho-v%C3%BDroby-at-%E2%80%94-4436914747,Asistent/ka vedoucího výroby,—,posted,2026-07-07T01:14:44.103963,128
eec6bef34e1dd793,https://cz.linkedin.com/jobs/view/product-manager-epm-planning-analytics-content-at-sap-4432358388,Product Manager - EPM Planning & Analytics Content,SAP,posted,2026-07-07T01:14:55.042793,130
dad90029294bf47d,https://cz.linkedin.com/jobs/view/junior-konzultant-people-advisory-services-at-ey-4416549398,Junior konzultant - People Advisory Services,EY,posted,2026-07-07T01:15:06.991066,132
1321e5f85d652262,https://cz.linkedin.com/jobs/view/oper%C3%A1tor-ka-linky-at-ball-corporation-4427058987,Operátor/ka linky,,scraped,2026-07-07T01:15:09.681624,
5d54331918a58522,https://cz.linkedin.com/jobs/view/oper%C3%A1tor-t%C5%99%C3%ADzen%C3%AD-v-no%C5%A1ovic%C3%ADch-voln%C3%A9-v%C3%ADkendy-n%C3%A1stup-ihned-at-comac-4436917592,Operátor třízení v Nošovicích | volné víkendy | Nástup ihned,,scraped,2026-07-07T01:15:18.014165,
b255bae3f94b950d,https://cz.linkedin.com/jobs/view/hled%C3%A1me-skladn%C3%ADka-s-vzv-do-ni%C5%BEn%C3%ADch-lhot%21-n%C3%A1stup-ihned%21-at-comac-4436925376,Hledáme skladníka s VZV do Nižních Lhot! Nástup ihned!,,scraped,2026-07-07T01:15:24.921589,
05489ed38d0de8da,https://cz.linkedin.com/jobs/view/oper%C3%A1tor-na-rann%C3%AD-a-odpoledn%C3%AD-sm%C4%9Bny-v-t%C5%99inci-at-comac-4437137196,Operátor na ranní a odpolední směny v Třinci,,scraped,2026-07-07T01:15:30.935811,
31d90aef1be17301,https://cz.linkedin.com/jobs/view/pracovnice-kvality-n%C3%A1stup-ihned-voln%C3%A9-v%C3%ADkendy-at-comac-4436923406,Pracovnice kvality - nástup ihned / volné víkendy,,scraped,2026-07-07T01:15:37.031556,
98080d8227dd9f81,https://cz.linkedin.com/jobs/view/hled%C3%A1me-nov%C3%A9-kolegy-do-v%C3%BDroby-kom%C3%ADn%C5%AF-v-ostrav%C4%9B%21-jen-rann%C3%AD-sm%C4%9Bny%21-nen%C3%AD-automobilka%21-at-comac-4436920462,Hledáme nové kolegy do výroby komínů v Ostravě! Jen ranní směny! Není automobilka!,,scraped,2026-07-07T01:15:43.097990,
4b9f14275d0c2861,https://cz.linkedin.com/jobs/view/oper%C3%A1tor-t%C5%99%C3%ADzen%C3%AD-v-no%C5%A1ovic%C3%ADch-voln%C3%A9-v%C3%ADkendy-n%C3%A1stup-ihned-at-comac-4436923458,Operátor třízení v Nošovicích | volné víkendy | Nástup ihned,,scraped,2026-07-07T01:15:49.479601,
d70672e3b8ea2c6d,https://cz.linkedin.com/jobs/view/%C5%99idi%C4%8D-%C5%99idi%C4%8Dka-vzv-%E2%80%94-no%C5%A1ovice-at-comac-4436932015,Řidič / řidička VZV — Nošovice,,scraped,2026-07-07T01:15:55.689487,
2f37535410430f20,https://cz.linkedin.com/jobs/view/klientsk%C3%BD-poradce-m-%C5%BE-zl%C3%ADn-at-uniqa-cz-4426069224,KLIENTSKÝ PORADCE (m/ž) - Zlín,,scraped,2026-07-07T01:16:01.864940,
dde36a6d42a11ae2,https://cz.linkedin.com/jobs/view/pracovn%C3%ADk-odboru-technick%C3%A9ho-odd%C4%9Blen%C3%AD-spr%C3%A1vy-nebytov%C3%BDch-objekt%C5%AF-at-statutarni-mesto-ostrava-4437125904,Pracovník odboru technického - oddělení správy nebytových objektů,,scraped,2026-07-07T01:16:10.524023,
48c361c0876be8f1,https://cz.linkedin.com/jobs/view/hled%C3%A1me-per%C3%A1tory-mont%C3%A1%C5%BEe-%E2%80%93-ostrava-hrabov%C3%A1-a%C5%BE-41-000-k%C4%8D-n%C3%A1stup-ihned%21-at-comac-4436930152,Hledáme perátory montáže – Ostrava Hrabová | až 41 000 Kč | Nástup ihned!,,scraped,2026-07-07T01:16:23.509543,
229288c51250c0fc,https://cz.linkedin.com/jobs/view/v%C3%BDrobn%C3%AD-obsluha-at-schaeffler-4427970901,Výrobní obsluha,Schaeffler,posted,2026-07-07T01:18:48.616081,134
8cbd0cb9ae6db4a1,https://cz.linkedin.com/jobs/view/risk-mitigation-inspection-specialist-global-processes-at-amazon-4409534595,"Risk Mitigation Inspection Specialist , Global Processes",Amazon,posted,2026-07-07T01:18:57.465421,136
b91ee4e4c75b2fc3,https://cz.linkedin.com/jobs/view/operativn%C3%AD-n%C3%A1kup%C4%8D%C3%AD-at-abb-4433907883,Operativní nákupčí,,scraped,2026-07-07T01:19:00.063530,
feb8806549886602,https://cz.linkedin.com/jobs/view/klientsk%C3%BD-poradce-m-%C5%BE-ji%C4%8D%C3%ADn-at-uniqa-cz-4435240141,KLIENTSKÝ PORADCE (m/ž) - Jičín,,scraped,2026-07-07T01:19:07.137789,
346fa40848a30d29,https://cz.linkedin.com/jobs/view/junior-procurement-specialist-at-abb-4433999614,Junior Procurement Specialist,,scraped,2026-07-07T01:19:15.217750,
edca103c292dec05,https://cz.linkedin.com/jobs/view/super-pr%C3%A1ce-ve-v%C3%BDrob%C4%9B-ostrava-hru%C5%A1ov-vysok%C3%BD-plat-n%C3%A1stup-ihned-at-comac-4436912838,Super práce ve výrobě |Ostrava Hrušov |Vysoký plat | Nástup ihned,,scraped,2026-07-07T01:19:21.948807,
69e5f3fd20a9684e,https://cz.linkedin.com/jobs/view/klientsk%C3%BD-poradce-m-%C5%BE-brno-peka%C5%99sk%C3%A1-at-uniqa-cz-4426075099,"KLIENTSKÝ PORADCE (m/ž) - Brno, Pekařská",,scraped,2026-07-07T01:19:29.105353,
fc7cb9adb1717e2f,https://cz.linkedin.com/jobs/view/mzdov%C3%AD-%C3%BA%C4%8Detn%C3%AD-at-some-jind%C5%99ich%C5%AFv-hradec-s-r-o-4436970895,Mzdoví účetní,,scraped,2026-07-07T01:19:36.905922,
b0804ded2eee76fb,https://cz.linkedin.com/jobs/view/hled%C3%A1me-oper%C3%A1tory-do-v%C3%BDroby-nov%C3%BD-ji%C4%8D%C3%ADn-n%C3%A1stup-ihned-at-comac-4436911880,Hledáme operátory do výroby | Nový Jičín | Nástup ihned,,scraped,2026-07-07T01:22:50.581252,
d9c58d8be9b8d70a,https://cz.linkedin.com/jobs/view/super-pr%C3%A1ce-ve-v%C3%BDrob%C4%9B-fren%C5%A1t%C3%A1t-pod-radho%C5%A1t%C4%9Bm-vysok%C3%BD-plat-n%C3%A1stup-ihned-at-comac-4436923409,Super práce ve výrobě |Frenštát pod Radhoštěm |Vysoký plat | Nástup ihned,,scraped,2026-07-07T01:24:02.087525,
3685d51bc3485566,https://cz.linkedin.com/jobs/view/brig%C3%A1da-pro-aktivn%C3%AD-lid%C3%AD-18%2B-let-bali%C4%8D-objedn%C3%A1vek-do-skladu-knih-ve-vset%C3%ADn%C4%9B-at-comac-4436917548,Brigáda pro aktivní lidí 18+ let - Balič objednávek do skladu knih ve Vsetíně,,scraped,2026-07-07T01:24:08.141334,
4c324b570d2a07de,https://cz.linkedin.com/jobs/view/kvalit%C3%A1%C5%99ka-v%C3%BDroby-n%C3%A1stup-ihned-voln%C3%A9-v%C3%ADkendy-at-comac-4436916581,Kvalitářka výroby - nástup ihned / volné víkendy,,scraped,2026-07-07T01:24:14.050725,
dbf5aec912540987,https://cz.linkedin.com/jobs/view/obchodn%C3%AD-poradce-pro-%231-na-trhu-mo%C5%BEnost-100-%25-pr%C3%A1ce-z-domova-liberec-a-okol%C3%AD-at-renomia-4433783916,OBCHODNÍ PORADCE PRO #1 NA TRHU | MOŽNOST 100 % PRÁCE Z DOMOVA - LIBEREC A OKOLÍ,,scraped,2026-07-07T01:24:20.325968,
73eded73a12377e8,https://cz.linkedin.com/jobs/view/supply-chain-engineer-at-abb-4433968753,Supply chain engineer,,scraped,2026-07-07T01:24:29.523955,
78e394bc2115f6a3,https://cz.linkedin.com/jobs/view/hled%C3%A1me-oper%C3%A1tory-mont%C3%A1%C5%BEe-%E2%80%93-ostrava-hrabov%C3%A1-a%C5%BE-41-000-k%C4%8D-n%C3%A1stup-ihned%21-at-comac-4436917547,Hledáme operátory montáže – Ostrava Hrabová | až 41 000 Kč | Nástup ihned!,,scraped,2026-07-07T01:25:40.065842,
221a49702627da03,https://cz.linkedin.com/jobs/view/oper%C3%A1to%C5%99i-skladn%C3%ADci-fren%C5%A1t%C3%A1t-p-r-a%C5%BE-40-000-k%C4%8D-at-comac-4436917591,"Operátoři/skladníci, Frenštát p. R. až 40 000 Kč",,scraped,2026-07-07T01:25:46.395446,
d24de688de8acd93,https://cz.linkedin.com/jobs/view/hled%C3%A1me-oper%C3%A1tory-do-v%C3%BDroby-nov%C3%BD-ji%C4%8D%C3%ADn-n%C3%A1stup-ihned-at-comac-4436908983,Hledáme operátory do výroby | Nový Jičín | Nástup ihned,,scraped,2026-07-07T01:25:52.305494,
aa17fdbf0cc6662c,https://cz.linkedin.com/jobs/view/administrativn%C3%AD-asistent-at-atemit-s-r-o-pr%C5%AFmyslov%C3%A9-podlahy-4433167868,Administrativní asistent,,scraped,2026-07-07T01:25:58.509750,
d855580f8c07867f,https://cz.linkedin.com/jobs/view/klientsk%C3%BD-poradce-m-%C5%BE-hodon%C3%ADn-at-uniqa-cz-4425272801,KLIENTSKÝ PORADCE (m/ž) - Hodonín,,scraped,2026-07-07T01:27:10.315882,
1a1e7cdabf890370,https://cz.linkedin.com/jobs/view/prodava%C4%8Dka-prodava%C4%8D-potravin-at-ladislav-nagy-pc-studio-4436985138,Prodavačka/prodavač potravin,Ladislav Nagy PC STUDIO,posted,2026-07-07T01:27:27.856488,138
454ad1bab1927117,https://cz.linkedin.com/jobs/view/pricing-and-promo-analyst-at-orkla-foods-%C4%8Desko-a-slovensko-4432324308,Pricing and Promo Analyst,,scraped,2026-07-07T01:27:30.513733,
f671b694246460e5,https://cz.linkedin.com/jobs/view/mont%C3%A1%C5%BEn%C3%AD-technolog-at-abb-4429878770,Montážní technolog,,scraped,2026-07-07T01:28:40.793283,
8c9b64b9b4dd0bfa,https://cz.linkedin.com/jobs/view/hr-specialist-czechia-m-f-d-at-autodoc-4435060172,HR Specialist - Czechia (m/f/d),,scraped,2026-07-07T01:28:48.170884,
eea5092533971a0d,https://cz.linkedin.com/jobs/view/junior-rozpo%C4%8Dt%C3%A1%C5%99-ka-p%C5%99%C3%ADprav%C3%A1%C5%99-ka-stavebn%C3%ADch-zak%C3%A1zek-procurement-at-heimstaden-bostad-4428856151,Junior Rozpočtář/ka - Přípravář/ka stavebních zakázek (Procurement),,scraped,2026-07-07T01:28:56.660914,
49409030d406abc9,https://cz.linkedin.com/jobs/view/configuration-management-specialist-at-avio-aero-4435868021,Configuration Management Specialist,,scraped,2026-07-07T01:30:08.472291,
a8edd0f9f8ef5755,https://cz.linkedin.com/jobs/view/%C5%99idi%C4%8D-ka-vzv-f-m-x-at-mondi-group-4407061000,Řidič/ka VZV (f/m/x),,scraped,2026-07-07T01:30:15.334513,
7bdbd15b57c13ff1,https://cz.linkedin.com/jobs/view/service-engineer-at-avio-aero-4427516648,Service Engineer,,scraped,2026-07-07T01:30:22.848913,
a6122e78edcff864,https://cz.linkedin.com/jobs/view/software-engineer-in-test-at-profiq-4432770922,Software Engineer in Test,profiq,posted,2026-07-07T01:30:39.984419,140
d203946d567539aa,https://cz.linkedin.com/jobs/view/travel-konzultant-pardubice-at-%C4%8Dedok-a-s-4434363587,Travel konzultant - Pardubice,,scraped,2026-07-07T01:30:42.639822,
eb655dcb6416a339,https://cz.linkedin.com/jobs/view/dispe%C4%8Der-at-fakultn%C3%AD-nemocnice-bulovka-4433747963,Dispečer,,scraped,2026-07-07T01:31:54.106089,
92c98937ebb01dcf,https://cz.linkedin.com/jobs/view/junior-senior-credit-risk-analyst-at-pwc-czech-republic-4426985910,Junior/Senior Credit Risk Analyst,,scraped,2026-07-07T01:32:02.137506,
d934f7eb65066cff,https://cz.linkedin.com/jobs/view/slovak-qa-lead-remote-at-yo-it-consulting-4436009874,Slovak QA Lead - Remote,,scraped,2026-07-07T01:32:09.338025,
6809915d91d48c97,https://cz.linkedin.com/jobs/view/brand-manager-at-opella-4424190313,Brand Manager,,scraped,2026-07-07T01:32:15.916015,
dd0cffcb6a88500a,https://cz.linkedin.com/jobs/view/key-account-manager-at-moltton-4435121004,Key Account Manager,,scraped,2026-07-07T01:32:47.301443,
98f0b0656bb94be7,https://cz.linkedin.com/jobs/view/technik-kontroly-at-%C4%8Desk%C3%BD-telekomunika%C4%8Dn%C3%AD-%C3%BA%C5%99ad-4436470389,Technik kontroly,,scraped,2026-07-07T01:32:53.871120,
31936d0605deedc6,https://cz.linkedin.com/jobs/view/network-engineer-i-at-expedia-group-4408314996,Network Engineer I,,scraped,2026-07-07T01:33:00.892467,
4e3d94b53f888c37,https://cz.linkedin.com/jobs/view/oper%C3%A1tor-ka-tiskov%C3%A9ho-stroje-at-ball-corporation-4427077042,Operátor/ka tiskového stroje,,scraped,2026-07-07T01:33:51.312296,
0efc10c7160048e4,https://cz.linkedin.com/jobs/view/velk%C3%A9-ambice%21-velk%C3%A9-obchody%21-velk%C3%A9-odm%C4%9Bny%21-at-ip-izolace-poln%C3%A1-s-r-o-4433963994,Velké ambice! Velké obchody! Velké odměny!,,scraped,2026-07-07T01:35:44.690906,
059296851c10b9f9,https://cz.linkedin.com/jobs/view/specialista-ka-ems-m-%C5%BE-n-at-siemens-4426105704,Specialista/-ka EMS (m/ž/n),Siemens,posted,2026-07-07T01:37:06.536485,142
6b4ccbb5f7159183,https://cz.linkedin.com/jobs/view/junior-associate-at-dentons-4432768228,Junior Associate,,scraped,2026-07-07T01:37:09.199865,
49c7077885001fba,https://cz.linkedin.com/jobs/view/obchodn%C3%AD-poradce-pro-%231-na-trhu-mo%C5%BEnost-100-%25-pr%C3%A1ce-z-domova-plze%C5%88-a-okol%C3%AD-at-renomia-4433797553,OBCHODNÍ PORADCE PRO #1 NA TRHU | MOŽNOST 100 % PRÁCE Z DOMOVA - PLZEŇ A OKOLÍ,,scraped,2026-07-07T01:37:15.933842,
9bbf1fb5b1d31e04,https://cz.linkedin.com/jobs/view/recruiter-medical-sales-medical-affairs-at-iqvia-4384493785,"Recruiter, Medical Sales & Medical Affairs",,scraped,2026-07-07T01:37:25.254523,
34de08670e5c141b,https://cz.linkedin.com/jobs/view/hr-specialist-n%C3%A1bor-brig%C3%A1dn%C3%ADk%C5%AF-do-provozu-at-knihobot-bookbot-4437467002,HR Specialist - nábor brigádníků do provozu,,scraped,2026-07-07T01:39:34.590211,
41c5f4a680c7af75,https://cz.linkedin.com/jobs/view/%C3%BAdr%C5%BEb%C3%A1%C5%99-z%C3%A1me%C4%8Dn%C3%ADk-do-v%C3%BDroby-%E2%80%93-dobr%C3%A1-voda-at-mattoni-1873-4436043188,Údržbář - zámečník do výroby – Dobrá Voda,,scraped,2026-07-07T01:39:42.516740,
420b44dd0b99c53f,https://cz.linkedin.com/jobs/view/customer-journey-owner-at-home-credit-czech-republic-and-slovakia-4436482725,Customer Journey Owner,,scraped,2026-07-07T01:39:49.868926,
ffdfea70b482ed46,https://cz.linkedin.com/jobs/view/application-manager-at-wipro-4433920972,Application Manager,,scraped,2026-07-07T01:39:57.689554,
843eb9d4ab8d0b21,https://cz.linkedin.com/jobs/view/freelance-data-scraping-engineer-python-at-mindrift-4432348525,Freelance Data Scraping Engineer (Python),,scraped,2026-07-07T01:40:05.199925,
006548f31b5af1c1,https://cz.linkedin.com/jobs/view/admin-support-service-department-at-schenck-4432382457,Admin Support - Service department,,scraped,2026-07-07T01:40:20.798651,
46a831b4cc6f29e6,https://cz.linkedin.com/jobs/view/production-development-specialist-at-abb-4432808979,Production Development Specialist,,scraped,2026-07-07T01:40:28.045693,
40e3587c879ed496,https://cz.linkedin.com/jobs/view/provozn%C4%9B-technick%C3%BD-pracovn%C3%ADk-at-jihostroj-a-s-4437125871,Provozně technický pracovník,,scraped,2026-07-07T01:40:34.773099,
253347eda6df783f,https://cz.linkedin.com/jobs/view/national-clinical-sales-specialist-rhythm-management-us-at-micropace-pty-ltd-4433941204,National Clinical Sales Specialist Rhythm Management - US,,scraped,2026-07-07T01:40:53.824869,
89ed645d590edf93,https://cz.linkedin.com/jobs/view/project-coordinator-at-nordec-group-4434667717,Project Coordinator,,scraped,2026-07-07T01:41:03.076682,
c20d29d3d1c08703,https://cz.linkedin.com/jobs/view/junior-accountant-at-graphaware-4435579586,Junior Accountant,,scraped,2026-07-07T01:41:11.732806,
293ce997a3a4c878,https://cz.linkedin.com/jobs/view/corporate-strategy-performance-business-partner-at-%C4%8Desk%C3%A1-spo%C5%99itelna-4434477901,Corporate Strategy & Performance Business Partner,,scraped,2026-07-07T01:41:18.942313,
74ffec76c2f8a538,https://cz.linkedin.com/jobs/view/regional-sales-manager-cz-at-kstar-new-energy-4422249904,Regional Sales Manager(CZ),,scraped,2026-07-07T01:41:26.461784,
2dd9782c1ea10a83,https://cz.linkedin.com/jobs/view/kaizen-co-ordinator-at-avio-aero-4435567934,Kaizen Co-ordinator,,scraped,2026-07-07T01:41:34.211086,
51b86eb68488b300,https://cz.linkedin.com/jobs/view/mana%C5%BEer-projektu-at-kofing-4433730584,Manažer projektu,,scraped,2026-07-07T01:41:41.173041,
ddb96004b41ebb65,https://cz.linkedin.com/jobs/view/c%2B%2B-gameplay-programmer-lead-%E2%80%93-magic-madness-vr-czk-80k%E2%80%93150k-month-at-victoria-vr-4431919788,C++ Gameplay Programmer / Lead – Magic Madness VR (CZK 80k–150k / month),,scraped,2026-07-07T01:41:49.381217,
e16b89342ba6e494,https://cz.linkedin.com/jobs/view/asistent-ka-prodeje-at-versaco-inc-4436158591,Asistent/ka prodeje,Versaco inc.,posted,2026-07-07T01:42:05.925759,144
3fcd4afa8075990f,https://cz.linkedin.com/jobs/view/head-of-supply-chain-%E2%80%93-czech-republic-at-rohlik-group-4425663760,Head of Supply Chain – Czech Republic,,scraped,2026-07-07T01:42:08.539606,
fc8dcbdf5ed86f5a,https://cz.linkedin.com/jobs/view/maintenance-engineer-at-manpowergroup-czech-republic-4431589608,Maintenance Engineer,,scraped,2026-07-07T01:42:16.305546,
3aa0274f6329169e,https://cz.linkedin.com/jobs/view/senior-user-acquisition-manager-at-ruby-labs-4437463199,Senior User Acquisition Manager,Ruby Labs,posted,2026-07-07T01:44:10.357868,146
91196f7c7782f8c6,https://cz.linkedin.com/jobs/view/senior-qa-engineer-manual-%2B-auto-at-selfdecode-4431908287,Senior QA Engineer (Manual + Auto),,scraped,2026-07-07T01:44:12.995664,
ba54e73d5128d2ba,https://cz.linkedin.com/jobs/view/czech-speaking-customer-service-agent-work-remote-in-greece-at-mercier-consultancy-md-4437109374,Czech Speaking Customer Service Agent - Work Remote In Greece,,scraped,2026-07-07T01:44:26.880014,
cf574e16beb444d0,https://cz.linkedin.com/jobs/view/payroll-accountant-at-ominus-4433103811,Payroll Accountant,,scraped,2026-07-07T01:44:34.199834,
1725c2b3cf3038c5,https://cz.linkedin.com/jobs/view/category-manager-wm-at-wolt-4416181774,Category Manager (WM),,scraped,2026-07-07T01:44:48.131726,
1e6b06d1296e180a,https://cz.linkedin.com/jobs/view/maintenance-trainee-at-valeo-4377138896,Maintenance Trainee,,scraped,2026-07-07T01:44:55.577413,
04e51e30c6d79417,https://cz.linkedin.com/jobs/view/%C5%99idi%C4%8D-traktorista-p%C4%9Bstebn%C3%ADho-traktoru-at-vojensk%C3%A9-lesy-a-statky-%C4%8Dr-s-p-4436477067,"Řidič, traktorista pěstebního traktoru",,scraped,2026-07-07T01:45:03.054611,
17f3f4662f76bcf7,https://cz.linkedin.com/jobs/view/%F0%9F%93%85pl%C3%A1nova%C4%8D-v%C3%BDroby-v%C3%BDrobn%C3%AD-spole%C4%8Dnost-at-manpowergroup-czech-republic-4433787573,📅Plánovač výroby | Výrobní společnost,,scraped,2026-07-07T01:45:10.502764,
9b0e78a79b388385,https://cz.linkedin.com/jobs/view/lesn%C3%AD-d%C4%9Bln%C3%ADk-v-p%C4%9Bstebn%C3%AD-%C4%8Dinnosti-mechanizovan%C4%9B-at-lesy-ceske-republiky-s-p-4436161530,Lesní dělník v pěstební činnosti - mechanizovaně,"Lesy Ceske Republiky, S.p.",posted,2026-07-07T01:46:04.930605,148
1edf8f1a909591d2,https://cz.linkedin.com/jobs/view/praktick%C3%A1-sestra-soci%C3%A1ln%C3%AD-slu%C5%BEby-m%C4%9Bsta-krom%C4%9B%C5%99%C3%AD%C5%BEe-p-o-uz%C3%A1v%C4%9Brka-neur%C4%8Dena-at-zl%C3%ADnsk%C3%BD-kraj-4435191650,"Praktická sestra (Sociální služby města Kroměříže, p.o., uzávěrka - neurčena)",,scraped,2026-07-07T01:46:07.506302,
5f009e556081063d,https://cz.linkedin.com/jobs/view/obchodn%C3%AD-z%C3%A1stupce-%C4%8Dechy-z%C3%A1pad-at-zeelandia-%C4%8Desko-4431906149,Obchodní zástupce - Čechy západ,,scraped,2026-07-07T01:46:15.082630,
a8d923f2d73a4df4,https://cz.linkedin.com/jobs/view/recep%C4%8Dn%C3%AD-stomatologick%C3%A9-praxe-m-%C5%BE-at-%C5%A1ikl-caha-stomatologie-s-r-o-4436975651,Recepční stomatologické praxe - m/ž,Šikl & Caha Stomatologie s.r.o.,posted,2026-07-07T01:47:06.887057,150
3d0b952f73c42ce9,https://cz.linkedin.com/jobs/view/ortoptista-ortoptistka-at-fakultn%C3%AD-nemocnice-bulovka-4433759306,ORTOPTISTA / ORTOPTISTKA,,scraped,2026-07-07T01:47:09.505064,
fec1d1df1342145f,https://cz.linkedin.com/jobs/view/devops-engineer-ai-model-evaluator-at-mercor-4431920991,DevOps Engineer - AI Model Evaluator,Mercor,posted,2026-07-07T01:47:55.879006,152
e8bcfea6d12d65fd,https://cz.linkedin.com/jobs/view/manager-management-consulting-at-pwc-czech-republic-4362197600,Manager - Management Consulting,,scraped,2026-07-07T01:47:58.536458,
8bd1b6020914f325,https://cz.linkedin.com/jobs/view/ai-video-creator-at-the-flex-4436780332,AI Video Creator,,scraped,2026-07-07T01:48:05.511250,
6faec882abe7a8cc,https://cz.linkedin.com/jobs/view/strojn%C3%AD-%C3%BAdr%C5%BEb%C3%A1%C5%99-%2B-n%C3%A1borov%C3%BD-p%C5%99%C3%ADsp%C4%9Bvek-at-agrofert-a-s-4437104689,STROJNÍ ÚDRŽBÁŘ + NÁBOROVÝ PŘÍSPĚVEK,,scraped,2026-07-07T01:48:12.390490,
73175a926e4621d2,https://cz.linkedin.com/jobs/view/senior-ai-ml-engineer-synthetic-data-platform-at-r3search-recruitment-4416899424,Senior AI/ML Engineer - Synthetic Data Platform,,scraped,2026-07-07T01:48:19.767207,
4b720f13ea7ca16b,https://cz.linkedin.com/jobs/view/oper%C3%A1tor-v%C3%BDrobn%C3%AD-linky-%E2%80%93-dobr%C3%A1-voda-12h-sm%C4%9Bny-at-mattoni-1873-4436043189,Operátor výrobní linky – Dobrá Voda (12h směny),,scraped,2026-07-07T01:48:26.896277,
e788ffa91efb2a6f,https://cz.linkedin.com/jobs/view/business-development-manager-at-telecom-infrastructure-partners-czech-republic-s-r-o-4437174026,Business Development Manager,"Telecom Infrastructure Partners Czech Republic, s.r.o.",posted,2026-07-07T01:48:55.353474,154
5e73d5650db36e85,https://cz.linkedin.com/jobs/view/%C5%99editel-pobo%C4%8Dky-%C4%8Desk%C3%A9-bud%C4%9Bjovice-at-renomia-4433796575,ŘEDITEL POBOČKY ČESKÉ BUDĚJOVICE,,scraped,2026-07-07T01:48:57.983299,
7303ac5cab281a94,https://cz.linkedin.com/jobs/view/l%C3%A9ka%C5%99-radiodiagnostika-mamodiagnostick%C3%A9-centrum-at-fakultn%C3%AD-nemocnice-bulovka-4433748964,Lékař - Radiodiagnostika ( Mamodiagnostické centrum),,scraped,2026-07-07T01:49:06.710623,
d6065253a0cd2ccb,https://cz.linkedin.com/jobs/view/solution-architect-%E2%80%93-graphql-at-datamatics-technologies-4433154685,Solution Architect – GraphQL,,scraped,2026-07-07T01:49:14.702313,
e05653a521c71fd7,https://cz.linkedin.com/jobs/view/asistent-ka-obchodn%C3%ADho-odd%C4%9Blen%C3%AD-at-broker-consulting-a-s-4431086554,Asistent/ka obchodního oddělení,,scraped,2026-07-07T01:49:22.529960,
e3beff50f7b5ddf9,https://cz.linkedin.com/jobs/view/technik-kontroly-kvality-staveb-at-qualiform-a-s-4436921467,Technik kontroly kvality staveb,,scraped,2026-07-07T01:49:31.273029,
814ed93bcfa898d2,https://cz.linkedin.com/jobs/view/cnc-obr%C3%A1b%C4%9B%C4%8D-kov%C5%AF-soustru%C5%BEn%C3%ADk-fr%C3%A9za%C5%99-s-n%C3%A1borov%C3%BDm-p%C5%99%C3%ADsp%C4%9Bvkem-20-000-at-preciosa-components-4433751933,"CNC obráběč kovů (soustružník/frézař) s náborovým příspěvkem 20.000,-",,scraped,2026-07-07T01:49:41.077519,
5d5669c790cbf9bd,https://cz.linkedin.com/jobs/view/consultant-management-consulting-at-pwc-4432712434,Consultant - Management Consulting,PwC,posted,2026-07-07T01:49:56.777130,156
65c38d73137dbf3a,https://cz.linkedin.com/jobs/view/fyzioterapeut-ka-at-fakultn%C3%AD-nemocnice-bulovka-4433765101,Fyzioterapeut/ka,,scraped,2026-07-07T01:49:59.330230,
9e6e8312cf2debca,https://cz.linkedin.com/jobs/view/skladov%C3%BD-manipulant-plze%C5%88-at-izomat-stavebniny-s-r-o-4435708130,SKLADOVÝ MANIPULANT - PLZEŇ,,scraped,2026-07-07T01:50:07.358719,
4aaba88ea59cb422,https://cz.linkedin.com/jobs/view/editor-ka-zpravodajstv%C3%AD-pro-idnes-cz-at-medi%C3%A1ln%C3%AD-skupina-mafra-4436496761,Editor/ka zpravodajství pro iDNES.cz,,scraped,2026-07-07T01:50:14.871767,
51987e717994f853,https://cz.linkedin.com/jobs/view/vedouc%C3%AD-%C5%99%C3%ADzen%C3%AD-v%C3%BDkonnosti-a-%C3%BA%C4%8Dasti-na-trhu-m-%C5%BE-at-e-on-cz-4428934276,Vedoucí řízení výkonnosti a účasti na trhu (m/ž),,scraped,2026-07-07T01:50:22.491240,
b67d299c6de93fe7,https://cz.linkedin.com/jobs/view/oper%C3%A1tor-oper%C3%A1torka-cnc-at-narex-inc-4436983301,Operátor/operátorka CNC,Narex Inc,posted,2026-07-07T01:51:12.370586,158
91d41ca9be5250a4,https://cz.linkedin.com/jobs/view/projektant-ka-pozemn%C3%ADch-staveb-at-storing-com-4437144019,Projektant/ka pozemních staveb,,scraped,2026-07-07T01:51:14.972708,
d249c55e03ad67f9,https://cz.linkedin.com/jobs/view/stomatolog-at-%C5%A1ikl-caha-stomatologie-s-r-o-4437119974,Stomatolog,Šikl & Caha Stomatologie s.r.o.,posted,2026-07-07T01:52:04.971672,160
c82fde8a0efee9e2,https://cz.linkedin.com/jobs/view/payroll-manager-at-h-m-4407194589,Payroll Manager,H&M,posted,2026-07-07T01:52:17.147821,162
ea306f9be7d74aed,https://cz.linkedin.com/jobs/view/senior-artificial-intelligence-machine-learning-engineer-at-ciklum-czech-republic-slovakia-4437158122,Senior Artificial Intelligence/Machine Learning Engineer,,scraped,2026-07-07T01:52:20.213809,
d38b8af1150d8d62,https://cz.linkedin.com/jobs/view/%C5%99idi%C4%8D-sk-c-at-bivoj-a-s-4436468514,Řidič sk. C,,scraped,2026-07-07T01:52:27.581957,
b3d9a2da44ecbadf,https://cz.linkedin.com/jobs/view/oper%C3%A1tor-v%C3%BDroby-expedient-at-medi%C3%A1ln%C3%AD-skupina-mafra-4436714091,Operátor výroby / Expedient,,scraped,2026-07-07T01:52:34.272782,
259e7f1d81da436a,https://cz.linkedin.com/jobs/view/power-systems-engineer-at-abb-4433887449,Power Systems Engineer,,scraped,2026-07-07T01:52:41.512182,
7d1990cfa2090077,https://cz.linkedin.com/jobs/view/asistent-v%C3%BDroby%E2%80%93-pl%C3%A1nov%C3%A1n%C3%AD-v%C3%BDroby-at-kores-europe-s-r-o-4433191334,ASISTENT VÝROBY– PLÁNOVÁNÍ VÝROBY,,scraped,2026-07-07T01:52:48.749613,
f58be8537cff26f7,https://cz.linkedin.com/jobs/view/v%C3%BD%C5%BEivov%C3%BD-specialista-ka-at-nutriadapt-nutrition-beauty-clinic-4435797876,Výživový specialista/ka,,scraped,2026-07-07T01:52:55.934494,
207de4f193465e87,https://cz.linkedin.com/jobs/view/web-analytics-data-analyst-at-%C4%8Desk%C3%A1-spo%C5%99itelna-4432800000,Web Analytics / Data Analyst,,scraped,2026-07-07T01:53:03.934277,
844528a5f6ad4c9e,https://cz.linkedin.com/jobs/view/horizon-cluster-ii-project-manager-at-academy-of-arts-architecture-and-design-in-prague-4431911438,Horizon Cluster II Project Manager,Vysoká škola uměleckoprůmyslová v Praze,posted,2026-07-07T01:53:19.813783,164
5559e2df2777d137,https://cz.linkedin.com/jobs/view/l2-%E2%80%93-device-management-specialist-at-kyndryl-4435732751,L2 – Device Management Specialist,Kyndryl,posted,2026-07-07T01:53:29.061182,166
b506cc4a824f84ef,https://cz.linkedin.com/jobs/view/projektant-m%C4%9B%C5%99en%C3%AD-a-regulace-at-niersberger-cz-sk-4436473232,PROJEKTANT měření a regulace,,scraped,2026-07-07T01:53:31.694211,
be3589d4a97afec0,https://cz.linkedin.com/jobs/view/import-logistics-specialist-global-logistics-at-amazon-4426376767,"Import Logistics Specialist, Global Logistics",Amazon,posted,2026-07-07T01:54:30.237286,168
6373faa554fabe16,https://cz.linkedin.com/jobs/view/integration-analyst-at-hoteltime-solutions-4432785184,Integration Analyst,,scraped,2026-07-07T01:54:33.132124,
d4c61b39adbc0a23,https://cz.linkedin.com/jobs/view/l-d-expert-agiln%C3%AD-transformace-at-e-on-cz-4429450511,L&D expert - agilní transformace,,scraped,2026-07-07T01:54:40.673847,
24c98d7266437522,https://cz.linkedin.com/jobs/view/public-private-partnerships-ppp-advisor-based-in-luxembourg-at-european-investment-bank-eib-4435820227,Public Private Partnerships (PPP) Advisor - based in Luxembourg,,scraped,2026-07-07T01:54:48.571770,
77f1e35324c8eb5f,https://cz.linkedin.com/jobs/view/pracovn%C3%ADk-z%C3%A1kaznick%C3%A9ho-servisu-z%C3%A1vod-pod%C4%9Bbradka-at-mattoni-1873-4436039300,Pracovník zákaznického servisu | závod Poděbradka,,scraped,2026-07-07T01:54:55.630437,
31ca0c2aaf126a4a,https://cz.linkedin.com/jobs/view/operations-coordinator-at-bolt-4436211454,Operations Coordinator,,scraped,2026-07-07T01:55:02.909479,
4688519fec82816f,https://cz.linkedin.com/jobs/view/%E6%8A%95%E8%82%A1%E9%9B%86%E5%9B%A2%E6%80%BB%E9%83%A8%E6%8B%9B%E8%81%98%E7%BB%8F%E7%90%86-%E6%80%BB%E7%9B%91-at-wanfeng-auto-holding-group-co-ltd-4435048683,投股集团总部招聘经理/总监,Wanfeng Auto Holding Group Co. Ltd,posted,2026-07-07T01:55:22.183646,170
aea2ae0cc5159f9b,https://cz.linkedin.com/jobs/view/brig%C3%A1da-recep%C4%8Dn%C3%AD-provozu-kryt%C3%BD-baz%C3%A9n-v-blansku-m-%C5%BE-at-technick%C3%A9-slu%C5%BEby-ochrany-ovzdu%C5%A1%C3%AD-brno-spol-s-r-o-4436481035,Brigáda - recepční provozu krytý bazén v Blansku (m/ž),"Technické služby ochrany ovzduší Brno, spol. s r.o.",posted,2026-07-07T01:57:03.206684,172
f48793f6f174c6ee,https://cz.linkedin.com/jobs/view/se%C5%99izova%C4%8D-oper%C3%A1tor-cnc-vhodn%C3%A9-pro-za%C4%8D%C3%A1te%C4%8Dn%C3%ADky-at-comac-4436910880,Seřizovač / operátor CNC - vhodné pro začátečníky,,scraped,2026-07-07T01:57:05.851848,
b0939958a60192d8,https://cz.linkedin.com/jobs/view/obsluha-ohra%C5%88ovac%C3%ADho-lisu-at-senco-pribram-spol-s-r-o-4436154717,Obsluha ohraňovacího lisu,SENCO Příbram spol. s r.o.,posted,2026-07-07T01:57:24.730454,174
4e58ff8364e46f48,https://cz.linkedin.com/jobs/view/erp-specialista-at-tip-it-solutions-4435555558,ERP Specialista,,scraped,2026-07-07T01:57:27.763099,
3a49458cd5e99816,https://cz.linkedin.com/jobs/view/%C5%99idi%C4%8D-vzv-skladn%C3%ADk-m-%C5%BE-at-sinop-a-s-4436964967,Řidič VZV/skladník (m/ž),,scraped,2026-07-07T01:57:36.960429,
9623fb4b9fa2f2a0,https://cz.linkedin.com/jobs/view/%C5%99idi%C4%8D-%C5%99idi%C4%8Dka-n%C3%A1kladn%C3%AD%C3%A9ch-automobil%C5%AF-taha%C4%8D%C5%AF-a-speci%C3%A1ln%C3%ADch-vozidel-at-%C4%8Dsad-hodon%C3%ADn-4436986162,"Řidič/řidička nákladníéch automobilů, tahačů a speciálních vozidel",,scraped,2026-07-07T01:57:45.167515,
6a1d2775679ba8df,https://cz.linkedin.com/jobs/view/lpp-hled%C3%A1-logistu-m-%C5%BE-at-l-p-p-holding-a-s-4433926949,LPP hledá Logistu (m/ž),,scraped,2026-07-07T01:57:54.098876,
6a29128a2bb70624,https://cz.linkedin.com/jobs/view/pharmaceutical-production-operator-at-zentiva-4430481509,Pharmaceutical Production Operator,,scraped,2026-07-07T01:58:02.557907,
11f18c7c20d93639,https://cz.linkedin.com/jobs/view/logistics-specialist-at-memodo-cz-sk-4431581415,Logistics Specialist,,scraped,2026-07-07T01:58:09.867991,
509f85715518228e,https://cz.linkedin.com/jobs/view/go-graduate-sales-marketing-odstartuj-svou-kari%C3%A9ru-v-prazdroji-at-plze%C5%88sk%C3%BD-prazdroj-4435428987,GO GRADUATE - SALES/MARKETING: ODSTARTUJ SVOU KARIÉRU V PRAZDROJI,,scraped,2026-07-07T01:58:17.768883,
144fe525266b3034,https://cz.linkedin.com/jobs/view/category-manager-office-supplies-at-dhl-4436751100,Category Manager- Office Supplies,DHL,posted,2026-07-07T01:58:37.754765,176
3c6c4cb2445025e4,https://cz.linkedin.com/jobs/view/process-intelligence-product-owner-at-mann%2Bhummel-4436367882,Process Intelligence Product Owner,,scraped,2026-07-07T01:58:40.361288,
a71717a5e5676013,https://cz.linkedin.com/jobs/view/prodava%C4%8D-prodava%C4%8Dka-pokladn%C3%AD-at-jednota-ltd-4437124864,Prodavač/ prodavačka - pokladní,Jednota Ltd.,posted,2026-07-07T01:58:55.219759,178
01d2bb9ec3af407c,https://cz.linkedin.com/jobs/view/asistent-ka-p%C5%99%C3%ADjmu-do-servisu-at-louda-auto-a-s-4435536567,ASISTENT/KA PŘÍJMU DO SERVISU,,scraped,2026-07-07T01:58:58.085542,
ce2142cb5dbc94bc,https://cz.linkedin.com/jobs/view/incident-manager-service-desk-owner-with-a-focus-on-application-support-at-cgi-4427652193,Incident Manager / Service Desk Owner with a Focus on Application Support,,scraped,2026-07-07T01:59:05.602525,
99da239d8c40fb7c,https://cz.linkedin.com/jobs/view/v%C5%A1eobecn%C3%A1-sestra-pro-periopera%C4%8Dn%C3%AD-p%C3%A9%C4%8Di-at-nemocnice-agel-ostrava-v%C3%ADtkovice-4434620830,Všeobecná sestra pro perioperační péči,,scraped,2026-07-07T01:59:12.712713,
bd662cde63ace0d4,https://cz.linkedin.com/jobs/view/field-service-technician-at-smurfit-westrock-4436327882,Field Service Technician,,scraped,2026-07-07T01:59:20.980126,
6959f84cad2b1249,https://cz.linkedin.com/jobs/view/sales-development-representative-at-axis-communications-4434331664,Sales Development Representative,,scraped,2026-07-07T01:59:28.091626,
611d39923a6e7b5a,https://cz.linkedin.com/jobs/view/cdi-sales-associate-prague-w-m-at-herm%C3%A8s-4427484860,CDI - Sales Associate Prague (W/M),,scraped,2026-07-07T01:59:35.032717,
a44234732dd6deeb,https://cz.linkedin.com/jobs/view/brand-manager-medtech-instruments-stellest-cee-greece-at-essilorluxottica-4427035896,Brand Manager (Medtech/Instruments/Stellest) CEE/Greece,,scraped,2026-07-07T01:59:42.819791,
fab798c1c0fde0a8,https://cz.linkedin.com/jobs/view/integrated-project-director-at-vccp-prague-4426757398,Integrated Project Director,,scraped,2026-07-07T01:59:49.400497,
7760659b91dab070,https://cz.linkedin.com/jobs/view/mistr-mistrov%C3%A1-v%C3%BDroby-at-v%C3%BDprachtick%C3%BD-s-r-o-4437137201,Mistr / mistrová výroby,,scraped,2026-07-07T01:59:56.592119,
8c1aec85d64e8570,https://cz.linkedin.com/jobs/view/finan%C4%8Dn%C3%AD-%C3%BA%C4%8Detn%C3%AD-real-estate-at-urbaneo-4433184013,Finanční účetní - Real Estate,,scraped,2026-07-07T02:00:04.933693,
21571fe54cd10100,https://cz.linkedin.com/jobs/view/healthtech-co-founder-cco-100-%25-remote-m-f-d-at-ewor-4435450582,HealthTech Co-Founder / CCO (100 % remote) (m/f/d),,scraped,2026-07-07T02:00:19.825311,
ddf953e4248c7e85,https://cz.linkedin.com/jobs/view/specialista-it-bezpe%C4%8Dnosti-at-%C4%8Desk%C3%A1-asociace-poji%C5%A1%C5%A5oven-a-%C4%8Desk%C3%A1-kancel%C3%A1%C5%99-pojistitel%C5%AF-4432780569,Specialista IT Bezpečnosti,,scraped,2026-07-07T02:00:26.403509,
d15f910870a7a6f5,https://cz.linkedin.com/jobs/view/traffic-manager-at-l-or%C3%A9al-4417131557,Traffic Manager,,scraped,2026-07-07T02:00:36.391366,
d0ab6475df8e7eeb,https://cz.linkedin.com/jobs/view/pracovn%C3%ADk-pracovnice-na-odpoledn%C3%AD-%C3%BAklid-kancel%C3%A1%C5%99%C3%AD-at-simacek-romania-4436966884,Pracovník/pracovnice na odpolední úklid kanceláří,,scraped,2026-07-07T02:00:42.886728,
a35bcb8682939844,https://cz.linkedin.com/jobs/view/senior-tax-analyst-m-f-d-at-honeywell-aerospace-4409043383,Senior Tax Analyst (M/F/D),,scraped,2026-07-07T02:00:51.479357,
a3d187468c6015eb,https://cz.linkedin.com/jobs/view/cost-center-controlling-specialist-f-m-d-at-siemens-4435236318,Cost Center Controlling Specialist (f/m/d),Siemens,posted,2026-07-07T02:01:14.165814,180
e8fb0257b8ee55fd,https://cz.linkedin.com/jobs/view/we-re-hiring-malware-researcher-m-f-n-at-eset-4424884643,We're Hiring: Malware Researcher (m/f/n),,scraped,2026-07-07T02:01:16.862301,
330e41d2231015dd,https://cz.linkedin.com/jobs/view/business-development-representative-with-czech-language-at-concentrix-4374527628,Business development representative with Czech language,,scraped,2026-07-07T02:01:23.912848,
1676e84e15f946b6,https://cz.linkedin.com/jobs/view/fund-listing-exchange-specialist-at-fe-fundinfo-4432349439,Fund Listing & Exchange Specialist,,scraped,2026-07-07T02:01:42.396548,
8428da3fdd940101,https://cz.linkedin.com/jobs/view/specialista-ka-bozp-po-a%C2%A0o%C5%BEp-ji%C5%BEn%C3%AD-%C4%8Dechy-at-gasnet-cz-4436085414,"Specialista/ka BOZP, PO a OŽP - jižní Čechy",,scraped,2026-07-07T02:01:50.130914,
87f3f7d85143ec8f,https://cz.linkedin.com/jobs/view/technologist-at-assa-abloy-group-4433755478,Technologist,,scraped,2026-07-07T02:01:57.659713,
2736ae86a0144e9d,https://cz.linkedin.com/jobs/view/v%C5%A1eobecn%C3%A1-sestra-praktick%C3%A1-sestra-at-fakultn%C3%AD-nemocnice-bulovka-4433763188,Všeobecná sestra / Praktická sestra,,scraped,2026-07-07T02:02:04.292675,
5cb2fc008f3825e9,https://cz.linkedin.com/jobs/view/mechanik-ml-at-cz-loko-4435164682,MECHANIK ML,,scraped,2026-07-07T02:02:12.145749,
7dedf1880db85dff,https://cz.linkedin.com/jobs/view/osobn%C3%AD-bank%C3%A9%C5%99-ka-jablunkov-at-%C4%8Desk%C3%A1-spo%C5%99itelna-4432849575,Osobní bankéř/ka - Jablunkov,,scraped,2026-07-07T02:02:19.616613,
77972de1a5461d1e,https://cz.linkedin.com/jobs/view/customer-advisor-with-french-luxury-brand-at-bluelink-international-cz-4433752107,Customer Advisor with French - Luxury Brand,,scraped,2026-07-07T02:02:26.060184,
11ea0c83cd481935,https://cz.linkedin.com/jobs/view/hled%C3%A1me-sv%C3%A1%C5%99e%C4%8De-kov%C5%AF-%E2%80%93-n%C3%A1stup-ihned-a-p%C5%99%C3%ADmo-do-kmene%21-at-comac-4436927256,Hledáme svářeče kovů – Nástup ihned a přímo do kmene!,,scraped,2026-07-07T02:02:33.454010,
ff037c1523694ebd,https://cz.linkedin.com/jobs/view/marketing-professional-at-compugroup-medical-se-co-kgaa-4398365925,Marketing Professional,,scraped,2026-07-07T02:02:40.699545,
4b1dfda1d27e98ce,https://cz.linkedin.com/jobs/view/team-leader-at-abb-4434259968,Team Leader,,scraped,2026-07-07T02:02:48.336512,
413982e78890c8cd,https://cz.linkedin.com/jobs/view/customer-care-officer-at-csp-partners-4436736413,Customer Care Officer,,scraped,2026-07-07T02:02:54.996042,
92c58c5f29012379,https://cz.linkedin.com/jobs/view/v%C5%A1eobecn%C3%A1-sestra-zdravotnick%C3%BD-z%C3%A1chran%C3%A1%C5%99-specializace-arip-nen%C3%AD-podm%C3%ADnkou-at-fakultn%C3%AD-nemocnice-bulovka-4433746989,Všeobecná sestra / zdravotnický záchranář ( specializace ARIP není podmínkou),,scraped,2026-07-07T02:03:02.702358,
a8a27b2a0d6371bc,https://cz.linkedin.com/jobs/view/senior-react-native-developer-crypto-wallet-at-jobgether-4435787142,Senior React Native Developer (Crypto-wallet),,scraped,2026-07-07T02:03:10.560878,
1ed06b8cf06b44ab,https://cz.linkedin.com/jobs/view/asistent-ka-pedagoga-2-stupe%C5%88-z%C5%A1-at-z%C3%A1kladn%C3%AD-%C5%A1kola-kladno-4436979607,Asistent/ka pedagoga - 2. stupeň ZŠ,,scraped,2026-07-07T02:03:17.325372,
96f6dd3c620938b1,https://cz.linkedin.com/jobs/view/p%C5%99idej-se-do-tja-hled%C3%A1me-junior-architekta-architektku-full-time-i-part-time-at-earch-4437196011,Přidej se do TJA. Hledáme junior architekta / architektku (full-time i part-time).,,scraped,2026-07-07T02:03:25.124154,
df1dddf42a7f8119,https://cz.linkedin.com/jobs/view/investi%C4%8Dn%C3%AD-technik-at-synthesia-a-s-4431592953,Investiční technik,,scraped,2026-07-07T02:03:32.511726,
e37ebb48f8684d86,https://cz.linkedin.com/jobs/view/mistr-junior-a-mistr-senior-do-divize-monolity-at-hinton-a-s-4433175612,Mistr junior a mistr senior do Divize monolity,,scraped,2026-07-07T02:03:40.567414,
8358525556b1ab43,https://cz.linkedin.com/jobs/view/vedouc%C3%AD-pracovnice-p%C5%99%C3%ADm%C3%A9-p%C3%A9%C4%8De-at-sdru%C5%BEen%C3%AD-s-o-s-4436981479,Vedoucí pracovnice přímé péče,,scraped,2026-07-07T02:03:48.265950,
3e2375da31a3db31,https://cz.linkedin.com/jobs/view/product-manager-%E2%80%93-televize-monitory-projektory-at-alza-cz-a-s-4341452346,"Product Manager – Televize, Monitory, Projektory",Alza.cz a.s.,posted,2026-07-07T02:04:07.657181,182
d773fc02bb7aaf51,https://cz.linkedin.com/jobs/view/business-solutions-it-expert-senior-sap-sd-at-mattoni-1873-4436038293,Business Solutions IT Expert Senior (SAP SD),,scraped,2026-07-07T02:04:10.306524,
d97fcafc9eeaef5a,https://cz.linkedin.com/jobs/view/horizontk%C3%A1%C5%99-cnc-at-pharmix-s-r-o-4436164408,Horizontkář CNC,,scraped,2026-07-07T02:04:17.364813,
d5b5f49d70210b93,https://cz.linkedin.com/jobs/view/kontrolor-ka-kvality-n%C3%A1stup-ihned-voln%C3%A9-v%C3%ADkendy-at-comac-4436930151,Kontrolor/ka kvality - nástup ihned / volné víkendy,,scraped,2026-07-07T02:04:26.433796,
39315cdce779f5fa,https://cz.linkedin.com/jobs/view/logistics-network-manager-at-rohlik-group-4428137531,Logistics Network Manager,,scraped,2026-07-07T02:04:32.837133,
73f3e1e99183bfd8,https://cz.linkedin.com/jobs/view/asistent-ka-prodeje-na-pln%C3%BD-%C3%BAvazek-oc-olympia-at-lindex-4434674273,Asistent/ka prodeje na plný úvazek - OC Olympia,,scraped,2026-07-07T02:04:39.790398,
863b74a35bb722f6,https://cz.linkedin.com/jobs/view/financial-accountant-medior-at-r%C3%B6dl-czech-republic-4435453926,FINANCIAL ACCOUNTANT medior,,scraped,2026-07-07T02:04:46.698834,
a6b6e2a824db28e7,https://cz.linkedin.com/jobs/view/certifika%C4%8Dn%C3%AD-pracovn%C3%ADk-pracovnice-v-leteck%C3%A9m-oboru-at-aeroservis-s-r-o-4436915594,Certifikační pracovník/pracovnice v leteckém oboru,,scraped,2026-07-07T02:04:55.162523,
4e8fc85f672a10b2,https://cz.linkedin.com/jobs/view/account-executive-prague-at-booking-com-4416954638,Account Executive - Prague,,scraped,2026-07-07T02:05:02.014752,
a7f222a5ebe876c5,https://cz.linkedin.com/jobs/view/machine-learning-engineer-at-rohlik-group-4436400202,Machine Learning Engineer,,scraped,2026-07-07T02:05:09.141038,
4074e93b2b4d1c73,https://cz.linkedin.com/jobs/view/senior-marketingov%C3%BD-mana%C5%BEer-at-pepiscr-s-r-o-4433973496,Senior marketingový manažer,PepisCR s.r.o.,posted,2026-07-07T02:06:01.120768,184
914e3b16c6036153,https://cz.linkedin.com/jobs/view/it-support-internship-at-ab-inbev-4435196152,IT Support Internship,,scraped,2026-07-07T02:06:04.135812,
42463ff528ac9b38,https://cz.linkedin.com/jobs/view/stavbyvedouc%C3%AD-do-divize-monolity-at-hinton-a-s-4433180488,Stavbyvedoucí do Divize monolity,,scraped,2026-07-07T02:06:10.994901,
c00f986114a24914,https://cz.linkedin.com/jobs/view/elektro-konstrukt%C3%A9r-at-viking-masek-4432346222,Elektro-konstruktér,,scraped,2026-07-07T02:06:18.374026,
c6dbc9871a617ed1,https://cz.linkedin.com/jobs/view/asistent-ka-prodeje-pln%C3%BD-%C3%BAvazek-at-the-lego-group-4433108067,Asistent/ka prodeje plný úvazek,the LEGO Group,posted,2026-07-07T02:06:37.445248,186
221a51078162d2e1,https://cz.linkedin.com/jobs/view/strategic-inside-sales-representative-ams-market-shift-3-30pm-12-30am-at-wrike-4416141918,Strategic Inside Sales Representative [AMS market shift: 3:30pm - 12:30am],,scraped,2026-07-07T02:06:40.126042,
7648ed2da363188a,https://cz.linkedin.com/jobs/view/field-support-specialist-freelance-dispatch-at-teceze-4436067752,Field Support Specialist  ( Freelance / Dispatch),,scraped,2026-07-07T02:09:52.624143,
cdb5b28aab736958,https://cz.linkedin.com/jobs/view/junior-consultant-m-a-transaction-services-financial-due-diligence-at-deloitte-4432365607,Junior consultant - M&A Transaction Services (financial due diligence),Deloitte,posted,2026-07-07T02:10:55.352616,188
3f410d26768c2065,https://cz.linkedin.com/jobs/view/oper%C3%A1tor-v%C3%BDroby-%E2%80%93-nav%C4%9B%C5%A1ov%C3%A1n%C3%AD-a-sv%C4%9B%C5%A1ov%C3%A1n%C3%AD-d%C3%ADl%C5%AF-3-sm%C4%9Bny-at-comac-4436932045,Operátor výroby – navěšování a svěšování dílů (3 směny),,scraped,2026-07-07T02:10:58.181975,
e3f736f8afe7ccd8,https://cz.linkedin.com/jobs/view/regional-business-development-manager-%E2%80%93-brno-full-time-all-genders-at-greco-group-4425639292,Regional Business Development Manager – Brno | Full-time (All Genders),,scraped,2026-07-07T02:11:06.879600,
9b50f3c6238f116d,https://cz.linkedin.com/jobs/view/therapy-lead-national-online-school-tces-at-guardian-jobs-4435740789,"Therapy Lead - National Online School, TCES",,scraped,2026-07-07T02:11:14.183589,
c733bc73bec05157,https://cz.linkedin.com/jobs/view/uukl%C3%ADze%C4%8D-ka-a-pomocn%C3%A1-s%C3%ADla-do-kuchyn%C4%9B-at-monaco-int-s-r-o-4436972795,UUklízeč/ka a pomocná síla do kuchyně,,scraped,2026-07-07T02:11:20.851120,
3c6998aaa54ab31f,https://cz.linkedin.com/jobs/view/%C3%BAklid-prodejn%C3%ADch-prostor-rann%C3%AD-sm%C4%9Bna-160-k%C4%8D-hod-zru%C4%8D-nad-s%C3%A1zavou-at-cleancat-s-r-o-4436984314,Úklid prodejních prostor - ranní směna - 160 Kč/hod. (Zruč nad Sázavou),,scraped,2026-07-07T02:11:28.491547,
ab485616db8a6a31,https://cz.linkedin.com/jobs/view/senior-inside-sales-representative-at-forscope-4433961986,Senior Inside Sales Representative,Forscope,posted,2026-07-07T02:11:45.583852,190
17402e62bf89e21c,https://cz.linkedin.com/jobs/view/nutritional-specialist-educator-at-pharma-nord-czech-republic-4410541101,Nutritional Specialist & Educator,,scraped,2026-07-07T02:11:48.340479,
86f50598fee651ef,https://cz.linkedin.com/jobs/view/prodejce-nov%C3%BDch-voz%C5%AF-m-%C5%BE-volkswagen-svitavy-at-louda-auto-a-s-4436904292,Prodejce nových vozů (m/ž) | Volkswagen - Svitavy,,scraped,2026-07-07T02:11:55.757526,
9bbad2fe1f92c9d0,https://cz.linkedin.com/jobs/view/construction-manager-at-bilfinger-engineering-4359538871,Construction Manager,Bilfinger Engineering,posted,2026-07-07T02:12:12.363078,192
fff8517a7ee2445c,https://cz.linkedin.com/jobs/view/financial-reporting-specialist-ifrs-senior-at-csg-4436791377,Financial Reporting Specialist - IFRS Senior,,scraped,2026-07-07T02:12:15.258625,
207b564b57c654ce,https://cz.linkedin.com/jobs/view/structural-engineer-at-mblue-czech-s-r-o-4431580477,Structural Engineer,,scraped,2026-07-07T02:12:22.067491,
e8330d4617d875b1,https://cz.linkedin.com/jobs/view/v%C5%A1eobecn%C3%A1-d%C4%9Btsk%C3%A1-praktick%C3%A1-sestra-at-fakultn%C3%AD-nemocnice-bulovka-4433749874,Všeobecná/dětská/praktická sestra,,scraped,2026-07-07T02:12:30.560908,
fc3c725529eb3942,https://cz.linkedin.com/jobs/view/d%C4%9Btsk%C3%A1-v%C5%A1eobecn%C3%A1-sestra-do-gastroenterologick%C3%A9-ambulance-pediatrick%C3%A9ho-odd%C4%9Blen%C3%AD-at-fakultn%C3%AD-nemocnice-bulovka-4433761217,Dětská / Všeobecná sestra do gastroenterologické ambulance Pediatrického oddělení,,scraped,2026-07-07T02:13:42.131574,
f98e0cde7eff6576,https://cz.linkedin.com/jobs/view/cash-accounting-clerk-1-at-ups-4435212453,Cash Accounting Clerk-1,UPS,posted,2026-07-07T02:17:10.561574,194
ac7db8267de35b54,https://cz.linkedin.com/jobs/view/cash-accounting-clerk-1-at-ups-4435202925,Cash Accounting Clerk-1,UPS,scraped,2026-07-07T02:17:28.490956,
31e8ee69ae5f05d0,https://cz.linkedin.com/jobs/view/l%C3%A9ka%C5%99-do-slu%C5%BEeb-na-lspp-pro-dosp%C4%9Bl%C3%A9-pacienty-at-fakultn%C3%AD-nemocnice-bulovka-4433755749,Lékař do služeb na LSPP pro dospělé pacienty,,scraped,2026-07-07T02:17:31.043855,
a0cf43a89643ffb7,https://cz.linkedin.com/jobs/view/process-manufacturing-engineering-engineer-trainee-at-valeo-4375812924,Process/Manufacturing Engineering Engineer_TRAINEE,,scraped,2026-07-07T02:17:39.331252,
b90400b7d39b012e,https://cz.linkedin.com/jobs/view/developer-c%23-net-at-act-digital-emea-alter-solutions-4433917371,Developer C# .NET,,scraped,2026-07-07T02:17:46.615518,
161c3d3ad52767f1,https://cz.linkedin.com/jobs/view/financial-analyst-at-hitachi-energy-4436308533,Financial Analyst,,scraped,2026-07-07T02:17:54.564582,
bea28be1c035c6b8,https://cz.linkedin.com/jobs/view/it-network-administr%C3%A1tor-wlan-m-f-d-at-brose-czech-4433317305,IT Network Administrátor WLAN (m/f/d),,scraped,2026-07-07T02:19:05.471646,
ba5785895d45da98,https://cz.linkedin.com/jobs/view/junior-system-engineer-linux-at-trask-4432707106,Junior System Engineer - Linux,,scraped,2026-07-07T02:19:12.980994,
9fb1e3704e3ceb29,https://cz.linkedin.com/jobs/view/business-excellence-professional-m-f-d-at-siemens-4435483661,Business Excellence Professional - m/f/d,Siemens,posted,2026-07-07T02:19:28.208494,196
361822bb97148d7c,https://cz.linkedin.com/jobs/view/l-d-expert-agiln%C3%AD-transformace-at-e-on-cz-4429467381,L&D expert - agilní transformace,,scraped,2026-07-07T02:19:31.044345,
fff664f3f7266815,https://cz.linkedin.com/jobs/view/technical-writer-at-huisman-czech-republic-s-r-o-4398396742,Technical writer,,scraped,2026-07-07T02:19:38.378366,
ce0e803b6ab6cb6b,https://cz.linkedin.com/jobs/view/customer-success-manager-smb-at-similarweb-4418681060,Customer Success Manager - SMB,,scraped,2026-07-07T02:19:47.702637,
02ba967d09b4014c,https://cz.linkedin.com/jobs/view/psycholog-4432791671,Psycholog,Ordinace klinické psychologie Profero Kyjov s.r.o.,posted,2026-07-07T02:21:20.812612,198
b77ac2b64f15831e,https://cz.linkedin.com/jobs/view/u%C4%8Ditel-u%C4%8Ditelka-anglick%C3%BD-jazyk-at-st%C5%99edn%C3%AD-pr%C5%AFmyslov%C3%A1-%C5%A1kola-t%C5%99ineck%C3%BDch-%C5%BEelez%C3%A1ren-4436983333,Učitel/učitelka - Anglický jazyk,,scraped,2026-07-07T02:21:23.506801,
